;mass A;;
t;x;y;
5.012068E-5;0.000000E0;0.000000E0
5.024567E-5;0.000000E0;-8.757394E-6
5.037066E-5;0.000000E0;-1.751479E-5
5.049564E-5;0.000000E0;-2.627218E-5
5.062063E-5;0.000000E0;-3.502958E-5
5.074562E-5;0.000000E0;-4.378697E-5
5.087061E-5;0.000000E0;-5.254436E-5
5.099560E-5;0.000000E0;-6.130176E-5
5.112059E-5;0.000000E0;-7.005915E-5
5.124558E-5;0.000000E0;-7.881654E-5
5.137057E-5;0.000000E0;-8.757394E-5
5.149556E-5;0.000000E0;-9.633133E-5
5.162055E-5;0.000000E0;-1.050887E-4
5.174554E-5;0.000000E0;-1.138461E-4
5.187053E-5;0.000000E0;-1.226035E-4
5.199552E-5;0.000000E0;-1.313609E-4
5.212050E-5;0.000000E0;-1.401183E-4
5.224549E-5;0.000000E0;-1.488757E-4
5.237048E-5;0.000000E0;-1.576331E-4
5.249547E-5;0.000000E0;-1.663905E-4
5.262046E-5;0.000000E0;-1.751479E-4
5.274545E-5;0.000000E0;-1.839053E-4
5.287044E-5;0.000000E0;-1.926627E-4
5.299543E-5;0.000000E0;-2.014201E-4
5.312042E-5;0.000000E0;-2.101775E-4
5.324541E-5;0.000000E0;-2.189348E-4
5.337040E-5;0.000000E0;-2.276922E-4
5.349539E-5;0.000000E0;-2.364496E-4
5.362038E-5;0.000000E0;-2.452070E-4
5.374536E-5;0.000000E0;-2.539644E-4
5.387035E-5;0.000000E0;-2.627218E-4
5.399534E-5;0.000000E0;-2.714792E-4
5.412033E-5;0.000000E0;-2.802366E-4
5.424532E-5;0.000000E0;-2.889940E-4
5.437031E-5;0.000000E0;-2.977514E-4
5.449530E-5;0.000000E0;-3.065088E-4
5.462029E-5;0.000000E0;-3.152662E-4
5.474528E-5;0.000000E0;-3.240236E-4
5.487027E-5;0.000000E0;-3.327810E-4
5.499526E-5;0.000000E0;-3.415384E-4
5.512025E-5;0.000000E0;-3.502958E-4
5.524524E-5;0.000000E0;-3.590531E-4
5.537022E-5;0.000000E0;-3.678105E-4
5.549521E-5;0.000000E0;-3.765679E-4
5.562020E-5;0.000000E0;-3.853253E-4
5.574519E-5;0.000000E0;-3.940827E-4
5.587018E-5;0.000000E0;-4.028401E-4
5.599517E-5;0.000000E0;-4.115975E-4
5.612016E-5;0.000000E0;-4.203549E-4
5.624515E-5;0.000000E0;-4.291123E-4
5.637014E-5;0.000000E0;-4.378697E-4
5.649513E-5;0.000000E0;-4.466271E-4
5.662012E-5;0.000000E0;-4.553845E-4
5.674511E-5;0.000000E0;-4.641419E-4
5.687009E-5;0.000000E0;-4.728993E-4
5.699508E-5;0.000000E0;-4.816567E-4
5.712007E-5;0.000000E0;-4.904141E-4
5.724506E-5;0.000000E0;-4.991714E-4
5.737005E-5;0.000000E0;-5.079288E-4
5.749504E-5;0.000000E0;-5.166862E-4
5.762003E-5;0.000000E0;-5.254436E-4
5.774502E-5;0.000000E0;-5.342010E-4
5.787001E-5;0.000000E0;-5.429584E-4
5.799500E-5;0.000000E0;-5.517158E-4
5.811999E-5;0.000000E0;-5.604732E-4
5.824498E-5;0.000000E0;-5.692306E-4
5.836997E-5;0.000000E0;-5.779880E-4
5.849495E-5;0.000000E0;-5.867454E-4
5.861994E-5;0.000000E0;-5.955028E-4
5.874493E-5;0.000000E0;-6.042602E-4
5.886992E-5;0.000000E0;-6.130176E-4
5.899491E-5;0.000000E0;-6.217750E-4
5.911990E-5;0.000000E0;-6.305324E-4
5.924489E-5;0.000000E0;-6.392897E-4
5.936988E-5;0.000000E0;-6.480471E-4
5.949487E-5;0.000000E0;-6.568045E-4
5.961986E-5;0.000000E0;-6.655619E-4
5.974485E-5;0.000000E0;-6.743193E-4
5.986984E-5;0.000000E0;-6.830767E-4
5.999483E-5;0.000000E0;-6.918341E-4
6.011981E-5;0.000000E0;-7.005915E-4
6.024480E-5;0.000000E0;-7.093489E-4
6.036979E-5;0.000000E0;-7.181063E-4
6.049478E-5;0.000000E0;-7.268637E-4
6.061977E-5;0.000000E0;-7.356211E-4
6.074476E-5;0.000000E0;-7.443785E-4
6.086975E-5;0.000000E0;-7.531359E-4
6.099474E-5;0.000000E0;-7.618933E-4
6.111973E-5;0.000000E0;-7.706507E-4
6.124472E-5;0.000000E0;-7.794080E-4
6.136971E-5;0.000000E0;-7.881654E-4
6.149470E-5;0.000000E0;-7.969228E-4
6.161969E-5;0.000000E0;-8.056802E-4
6.174467E-5;0.000000E0;-8.144376E-4
6.186966E-5;0.000000E0;-8.231950E-4
6.199465E-5;0.000000E0;-8.319524E-4
6.211964E-5;0.000000E0;-8.407098E-4
6.224463E-5;0.000000E0;-8.494672E-4
6.236962E-5;0.000000E0;-8.582246E-4
6.249461E-5;0.000000E0;-8.669820E-4
6.261960E-5;0.000000E0;-8.757394E-4
6.274459E-5;0.000000E0;-8.844968E-4
6.286958E-5;0.000000E0;-8.932542E-4
6.299457E-5;0.000000E0;-9.020116E-4
6.311956E-5;0.000000E0;-9.107690E-4
6.324455E-5;0.000000E0;-9.195264E-4
6.336953E-5;0.000000E0;-9.282837E-4
6.349452E-5;0.000000E0;-9.370411E-4
6.361951E-5;0.000000E0;-9.457985E-4
6.374450E-5;0.000000E0;-9.545559E-4
6.386949E-5;0.000000E0;-9.633133E-4
6.399448E-5;0.000000E0;-9.720707E-4
6.411947E-5;0.000000E0;-9.808281E-4
6.424446E-5;0.000000E0;-9.895855E-4
6.436945E-5;0.000000E0;-9.983429E-4
6.449444E-5;0.000000E0;-1.007100E-3
6.461943E-5;0.000000E0;-1.015858E-3
6.474442E-5;0.000000E0;-1.024615E-3
6.486941E-5;0.000000E0;-1.033372E-3
6.499439E-5;0.000000E0;-1.042130E-3
6.511938E-5;0.000000E0;-1.050887E-3
6.524437E-5;0.000000E0;-1.059645E-3
6.536936E-5;0.000000E0;-1.068402E-3
6.549435E-5;0.000000E0;-1.077159E-3
6.561934E-5;0.000000E0;-1.085917E-3
6.574433E-5;0.000000E0;-1.094674E-3
6.586932E-5;0.000000E0;-1.103432E-3
6.599431E-5;0.000000E0;-1.112189E-3
6.611930E-5;0.000000E0;-1.120946E-3
6.624429E-5;0.000000E0;-1.129704E-3
6.636928E-5;0.000000E0;-1.138461E-3
6.649426E-5;0.000000E0;-1.147219E-3
6.661925E-5;0.000000E0;-1.155976E-3
6.674424E-5;0.000000E0;-1.164733E-3
6.686923E-5;0.000000E0;-1.173491E-3
6.699422E-5;0.000000E0;-1.182248E-3
6.711921E-5;0.000000E0;-1.191006E-3
6.724420E-5;0.000000E0;-1.199763E-3
6.736919E-5;0.000000E0;-1.208520E-3
6.749418E-5;0.000000E0;-1.217278E-3
6.761917E-5;0.000000E0;-1.226035E-3
6.774416E-5;0.000000E0;-1.234793E-3
6.786915E-5;0.000000E0;-1.243550E-3
6.799414E-5;0.000000E0;-1.252307E-3
6.811912E-5;0.000000E0;-1.261065E-3
6.824411E-5;0.000000E0;-1.269822E-3
6.836910E-5;0.000000E0;-1.278579E-3
6.849409E-5;0.000000E0;-1.287337E-3
6.861908E-5;0.000000E0;-1.296094E-3
6.874407E-5;0.000000E0;-1.304852E-3
6.886906E-5;0.000000E0;-1.313609E-3
6.899405E-5;0.000000E0;-1.322366E-3
6.911904E-5;0.000000E0;-1.331124E-3
6.924403E-5;0.000000E0;-1.339881E-3
6.936902E-5;0.000000E0;-1.348639E-3
6.949401E-5;0.000000E0;-1.357396E-3
6.961900E-5;0.000000E0;-1.366153E-3
6.974398E-5;0.000000E0;-1.374911E-3
6.986897E-5;0.000000E0;-1.383668E-3
6.999396E-5;0.000000E0;-1.392426E-3
7.011895E-5;0.000000E0;-1.401183E-3
7.024394E-5;0.000000E0;-1.409940E-3
7.036893E-5;0.000000E0;-1.418698E-3
7.049392E-5;0.000000E0;-1.427455E-3
7.061891E-5;0.000000E0;-1.436213E-3
7.074390E-5;0.000000E0;-1.444970E-3
7.086889E-5;0.000000E0;-1.453727E-3
7.099388E-5;0.000000E0;-1.462485E-3
7.111887E-5;0.000000E0;-1.471242E-3
7.124386E-5;0.000000E0;-1.480000E-3
7.136884E-5;0.000000E0;-1.488757E-3
7.149383E-5;0.000000E0;-1.497514E-3
7.161882E-5;0.000000E0;-1.506272E-3
7.174381E-5;0.000000E0;-1.515029E-3
7.186880E-5;0.000000E0;-1.523787E-3
7.199379E-5;0.000000E0;-1.532544E-3
7.211878E-5;0.000000E0;-1.541301E-3
7.224377E-5;0.000000E0;-1.550059E-3
7.236876E-5;0.000000E0;-1.558816E-3
7.249375E-5;0.000000E0;-1.567573E-3
7.261874E-5;0.000000E0;-1.576331E-3
7.274373E-5;0.000000E0;-1.585088E-3
7.286872E-5;0.000000E0;-1.593846E-3
7.299370E-5;0.000000E0;-1.602603E-3
7.311869E-5;0.000000E0;-1.611360E-3
7.324368E-5;0.000000E0;-1.620118E-3
7.336867E-5;0.000000E0;-1.628875E-3
7.349366E-5;0.000000E0;-1.637633E-3
7.361865E-5;0.000000E0;-1.646390E-3
7.374364E-5;0.000000E0;-1.655147E-3
7.386863E-5;0.000000E0;-1.663905E-3
7.399362E-5;0.000000E0;-1.672662E-3
7.411861E-5;0.000000E0;-1.681420E-3
7.424360E-5;0.000000E0;-1.690177E-3
7.436859E-5;0.000000E0;-1.698934E-3
7.449357E-5;0.000000E0;-1.707692E-3
7.461856E-5;0.000000E0;-1.716449E-3
7.474355E-5;0.000000E0;-1.725207E-3
7.486854E-5;0.000000E0;-1.733964E-3
7.499353E-5;0.000000E0;-1.742721E-3
7.511852E-5;0.000000E0;-1.751479E-3
7.524351E-5;0.000000E0;-1.760236E-3
7.536850E-5;0.000000E0;-1.768994E-3
7.549349E-5;0.000000E0;-1.777751E-3
7.561848E-5;0.000000E0;-1.786508E-3
7.574347E-5;0.000000E0;-1.795266E-3
7.586846E-5;0.000000E0;-1.804023E-3
7.599345E-5;0.000000E0;-1.812781E-3
7.611843E-5;0.000000E0;-1.821538E-3
7.624342E-5;0.000000E0;-1.830295E-3
7.636841E-5;0.000000E0;-1.839053E-3
7.649340E-5;0.000000E0;-1.847810E-3
7.661839E-5;0.000000E0;-1.856567E-3
7.674338E-5;0.000000E0;-1.865325E-3
7.686837E-5;0.000000E0;-1.874082E-3
7.699336E-5;0.000000E0;-1.882840E-3
7.711835E-5;0.000000E0;-1.891597E-3
7.724334E-5;0.000000E0;-1.900354E-3
7.736833E-5;0.000000E0;-1.909112E-3
7.749332E-5;0.000000E0;-1.917869E-3
7.761831E-5;0.000000E0;-1.926627E-3
7.774329E-5;0.000000E0;-1.935384E-3
7.786828E-5;0.000000E0;-1.944141E-3
7.799327E-5;0.000000E0;-1.952899E-3
7.811826E-5;0.000000E0;-1.961656E-3
7.824325E-5;0.000000E0;-1.970414E-3
7.836824E-5;0.000000E0;-1.979171E-3
7.849323E-5;0.000000E0;-1.987928E-3
7.861822E-5;0.000000E0;-1.996686E-3
7.874321E-5;0.000000E0;-2.005443E-3
7.886820E-5;0.000000E0;-2.014201E-3
7.899319E-5;0.000000E0;-2.022958E-3
7.911818E-5;0.000000E0;-2.031715E-3
7.924317E-5;0.000000E0;-2.040473E-3
7.936815E-5;0.000000E0;-2.049230E-3
7.949314E-5;0.000000E0;-2.057988E-3
7.961813E-5;0.000000E0;-2.066745E-3
7.974312E-5;0.000000E0;-2.075502E-3
7.986811E-5;0.000000E0;-2.084260E-3
7.999310E-5;0.000000E0;-2.093017E-3
8.011809E-5;0.000000E0;-2.101775E-3
8.024308E-5;0.000000E0;-2.110532E-3
8.036807E-5;0.000000E0;-2.119289E-3
8.049306E-5;0.000000E0;-2.128047E-3
8.061805E-5;0.000000E0;-2.136804E-3
8.074304E-5;0.000000E0;-2.145561E-3
8.086803E-5;0.000000E0;-2.154319E-3
8.099301E-5;0.000000E0;-2.163076E-3
8.111800E-5;0.000000E0;-2.171834E-3
8.124299E-5;0.000000E0;-2.180591E-3
8.136798E-5;0.000000E0;-2.189348E-3
8.149297E-5;0.000000E0;-2.198106E-3
8.161796E-5;0.000000E0;-2.206863E-3
8.174295E-5;0.000000E0;-2.215621E-3
8.186794E-5;0.000000E0;-2.224378E-3
8.199293E-5;0.000000E0;-2.233135E-3
8.211792E-5;0.000000E0;-2.241893E-3
8.224291E-5;0.000000E0;-2.250650E-3
8.236790E-5;0.000000E0;-2.259408E-3
8.249288E-5;0.000000E0;-2.268165E-3
8.261787E-5;0.000000E0;-2.276922E-3
8.274286E-5;0.000000E0;-2.285680E-3
8.286785E-5;0.000000E0;-2.294437E-3
8.299284E-5;0.000000E0;-2.303195E-3
8.311783E-5;0.000000E0;-2.311952E-3
8.324282E-5;0.000000E0;-2.320709E-3
8.336781E-5;0.000000E0;-2.329467E-3
8.349280E-5;0.000000E0;-2.338224E-3
8.361779E-5;0.000000E0;-2.346982E-3
8.374278E-5;0.000000E0;-2.355739E-3
8.386777E-5;0.000000E0;-2.364496E-3
8.399276E-5;0.000000E0;-2.373254E-3
8.411774E-5;0.000000E0;-2.382011E-3
8.424273E-5;0.000000E0;-2.390769E-3
8.436772E-5;0.000000E0;-2.399526E-3
8.449271E-5;0.000000E0;-2.408283E-3
8.461770E-5;0.000000E0;-2.417041E-3
8.474269E-5;0.000000E0;-2.425798E-3
8.486768E-5;0.000000E0;-2.434555E-3
8.499267E-5;0.000000E0;-2.443313E-3
8.511766E-5;0.000000E0;-2.452070E-3
8.524265E-5;0.000000E0;-2.460828E-3
8.536764E-5;0.000000E0;-2.469585E-3
8.549263E-5;0.000000E0;-2.478342E-3
8.561762E-5;0.000000E0;-2.487100E-3
8.574260E-5;0.000000E0;-2.495857E-3
8.586759E-5;0.000000E0;-2.504615E-3
8.599258E-5;0.000000E0;-2.513372E-3
8.611757E-5;0.000000E0;-2.522129E-3
8.624256E-5;0.000000E0;-2.530887E-3
8.636755E-5;0.000000E0;-2.539644E-3
8.649254E-5;0.000000E0;-2.548402E-3
8.661753E-5;0.000000E0;-2.557159E-3
8.674252E-5;0.000000E0;-2.565916E-3
8.686751E-5;0.000000E0;-2.574674E-3
8.699250E-5;0.000000E0;-2.583431E-3
8.711749E-5;0.000000E0;-2.592189E-3
8.724248E-5;0.000000E0;-2.600946E-3
8.736746E-5;0.000000E0;-2.609703E-3
8.749245E-5;1.319813E-7;-2.642651E-3
8.761744E-5;2.639626E-7;-2.675599E-3
8.774243E-5;3.959438E-7;-2.708547E-3
8.786742E-5;5.279251E-7;-2.741495E-3
8.799241E-5;6.599064E-7;-2.774443E-3
8.811740E-5;7.918877E-7;-2.807391E-3
8.824239E-5;9.238690E-7;-2.840339E-3
8.836738E-5;1.055850E-6;-2.873287E-3
8.849237E-5;1.187832E-6;-2.906235E-3
8.861736E-5;1.319813E-6;-2.939183E-3
8.874235E-5;1.451794E-6;-2.972131E-3
8.886734E-5;1.583775E-6;-3.005079E-3
8.899232E-5;1.715757E-6;-3.038027E-3
8.911731E-5;1.847738E-6;-3.070975E-3
8.924230E-5;1.979719E-6;-3.103923E-3
8.936729E-5;2.111700E-6;-3.136871E-3
8.949228E-5;2.243682E-6;-3.169819E-3
8.961727E-5;2.375663E-6;-3.202767E-3
8.974226E-5;2.507644E-6;-3.235715E-3
8.986725E-5;2.639626E-6;-3.268663E-3
8.999224E-5;2.771607E-6;-3.301611E-3
9.011723E-5;2.903588E-6;-3.334559E-3
9.024222E-5;3.035569E-6;-3.367507E-3
9.036721E-5;3.167551E-6;-3.400455E-3
9.049220E-5;3.299532E-6;-3.433403E-3
9.061718E-5;3.431513E-6;-3.466350E-3
9.074217E-5;3.563495E-6;-3.499298E-3
9.086716E-5;3.695476E-6;-3.532246E-3
9.099215E-5;3.827457E-6;-3.565194E-3
9.111714E-5;3.959438E-6;-3.598142E-3
9.124213E-5;4.091420E-6;-3.631090E-3
9.136712E-5;4.223401E-6;-3.664038E-3
9.149211E-5;4.355382E-6;-3.696986E-3
9.161710E-5;4.487364E-6;-3.729934E-3
9.174209E-5;4.619345E-6;-3.762882E-3
9.186708E-5;4.751326E-6;-3.795830E-3
9.199207E-5;4.883307E-6;-3.828778E-3
9.211705E-5;5.015289E-6;-3.861726E-3
9.224204E-5;5.147270E-6;-3.894674E-3
9.236703E-5;5.279251E-6;-3.927622E-3
9.249202E-5;5.411232E-6;-3.960570E-3
9.261701E-5;5.543214E-6;-3.993518E-3
9.274200E-5;5.675195E-6;-4.026466E-3
9.286699E-5;5.807176E-6;-4.059414E-3
9.299198E-5;5.939158E-6;-4.092362E-3
9.311697E-5;6.071139E-6;-4.125310E-3
9.324196E-5;6.203120E-6;-4.158258E-3
9.336695E-5;6.335101E-6;-4.191206E-3
9.349194E-5;6.467083E-6;-4.224154E-3
9.361693E-5;6.599064E-6;-4.257102E-3
9.374191E-5;6.731045E-6;-4.290050E-3
9.386690E-5;6.863027E-6;-4.322998E-3
9.399189E-5;6.995008E-6;-4.355946E-3
9.411688E-5;7.126989E-6;-4.388894E-3
9.424187E-5;7.258970E-6;-4.421842E-3
9.436686E-5;7.390952E-6;-4.454790E-3
9.449185E-5;7.522933E-6;-4.487737E-3
9.461684E-5;7.654914E-6;-4.520685E-3
9.474183E-5;7.786895E-6;-4.553633E-3
9.486682E-5;7.918877E-6;-4.586581E-3
9.499181E-5;8.050858E-6;-4.619529E-3
9.511680E-5;8.182839E-6;-4.652477E-3
9.524179E-5;8.314821E-6;-4.685425E-3
9.536677E-5;8.446802E-6;-4.718373E-3
9.549176E-5;8.578783E-6;-4.751321E-3
9.561675E-5;8.710764E-6;-4.784269E-3
9.574174E-5;8.842746E-6;-4.817217E-3
9.586673E-5;8.974727E-6;-4.850165E-3
9.599172E-5;9.106708E-6;-4.883113E-3
9.611671E-5;9.238690E-6;-4.916061E-3
9.624170E-5;9.370671E-6;-4.949009E-3
9.636669E-5;9.502652E-6;-4.981957E-3
9.649168E-5;9.634633E-6;-5.014905E-3
9.661667E-5;9.766615E-6;-5.047853E-3
9.674166E-5;9.898596E-6;-5.080801E-3
9.686665E-5;1.003058E-5;-5.113749E-3
9.699163E-5;1.016256E-5;-5.146697E-3
9.711662E-5;1.029454E-5;-5.179645E-3
9.724161E-5;1.042652E-5;-5.212593E-3
9.736660E-5;1.055850E-5;-5.245541E-3
9.749159E-5;1.069048E-5;-5.278489E-3
9.761658E-5;1.082246E-5;-5.311437E-3
9.774157E-5;1.095445E-5;-5.344385E-3
9.786656E-5;1.108643E-5;-5.377333E-3
9.799155E-5;1.121841E-5;-5.410281E-3
9.811654E-5;1.135039E-5;-5.443229E-3
9.824153E-5;1.148237E-5;-5.476176E-3
9.836652E-5;1.161435E-5;-5.509124E-3
9.849151E-5;1.174633E-5;-5.542072E-3
9.861649E-5;1.187832E-5;-5.575020E-3
9.874148E-5;1.201030E-5;-5.607968E-3
9.886647E-5;1.214228E-5;-5.640916E-3
9.899146E-5;1.227426E-5;-5.673864E-3
9.911645E-5;1.240624E-5;-5.706812E-3
9.924144E-5;1.253822E-5;-5.739760E-3
9.936643E-5;1.267020E-5;-5.772708E-3
9.949142E-5;1.280218E-5;-5.805656E-3
9.961641E-5;1.293417E-5;-5.838604E-3
9.974140E-5;1.306615E-5;-5.871552E-3
9.986639E-5;1.319813E-5;-5.904500E-3
9.999138E-5;1.333011E-5;-5.937448E-3
1.001164E-4;1.346209E-5;-5.970396E-3
1.002414E-4;1.359407E-5;-6.003344E-3
1.003663E-4;1.372605E-5;-6.036292E-3
1.004913E-4;1.385803E-5;-6.069240E-3
1.006163E-4;1.399002E-5;-6.102188E-3
1.007413E-4;1.412200E-5;-6.135136E-3
1.008663E-4;1.425398E-5;-6.168084E-3
1.009913E-4;1.438596E-5;-6.201032E-3
1.011163E-4;1.451794E-5;-6.233980E-3
1.012413E-4;1.464992E-5;-6.266928E-3
1.013663E-4;1.478190E-5;-6.299876E-3
1.014912E-4;1.491388E-5;-6.332824E-3
1.016162E-4;1.504587E-5;-6.365772E-3
1.017412E-4;1.517785E-5;-6.398720E-3
1.018662E-4;1.530983E-5;-6.431668E-3
1.019912E-4;1.544181E-5;-6.464615E-3
1.021162E-4;1.557379E-5;-6.497563E-3
1.022412E-4;1.570577E-5;-6.530511E-3
1.023662E-4;1.583775E-5;-6.563459E-3
1.024912E-4;1.596973E-5;-6.596407E-3
1.026161E-4;1.610172E-5;-6.629355E-3
1.027411E-4;1.623370E-5;-6.662303E-3
1.028661E-4;1.636568E-5;-6.695251E-3
1.029911E-4;1.649766E-5;-6.728199E-3
1.031161E-4;1.662964E-5;-6.761147E-3
1.032411E-4;1.676162E-5;-6.794095E-3
1.033661E-4;1.689360E-5;-6.827043E-3
1.034911E-4;1.702559E-5;-6.859991E-3
1.036161E-4;1.715757E-5;-6.892939E-3
1.037411E-4;1.728955E-5;-6.925887E-3
1.038660E-4;1.742153E-5;-6.958835E-3
1.039910E-4;1.755351E-5;-6.991783E-3
1.041160E-4;1.768549E-5;-7.024731E-3
1.042410E-4;1.781747E-5;-7.057679E-3
1.043660E-4;1.794945E-5;-7.090627E-3
1.044910E-4;1.808144E-5;-7.123575E-3
1.046160E-4;1.821342E-5;-7.156523E-3
1.047410E-4;1.834540E-5;-7.189471E-3
1.048660E-4;1.847738E-5;-7.222419E-3
1.049909E-4;1.860936E-5;-7.255367E-3
1.051159E-4;1.874134E-5;-7.288315E-3
1.052409E-4;1.887332E-5;-7.321263E-3
1.053659E-4;1.900530E-5;-7.354211E-3
1.054909E-4;1.913729E-5;-7.387159E-3
1.056159E-4;1.926927E-5;-7.420107E-3
1.057409E-4;1.940125E-5;-7.453054E-3
1.058659E-4;1.953323E-5;-7.486002E-3
1.059909E-4;1.966521E-5;-7.518950E-3
1.061158E-4;1.979719E-5;-7.551898E-3
1.062408E-4;1.992917E-5;-7.584846E-3
1.063658E-4;2.006115E-5;-7.617794E-3
1.064908E-4;2.019314E-5;-7.650742E-3
1.066158E-4;2.032512E-5;-7.683690E-3
1.067408E-4;2.045710E-5;-7.716638E-3
1.068658E-4;2.058908E-5;-7.749586E-3
1.069908E-4;2.072106E-5;-7.782534E-3
1.071158E-4;2.085304E-5;-7.815482E-3
1.072408E-4;2.098502E-5;-7.848430E-3
1.073657E-4;2.111700E-5;-7.881378E-3
1.074907E-4;2.124899E-5;-7.914326E-3
1.076157E-4;2.138097E-5;-7.947274E-3
1.077407E-4;2.151295E-5;-7.980222E-3
1.078657E-4;2.164493E-5;-8.013170E-3
1.079907E-4;2.177691E-5;-8.046118E-3
1.081157E-4;2.190889E-5;-8.079066E-3
1.082407E-4;2.204087E-5;-8.112014E-3
1.083657E-4;2.217285E-5;-8.144962E-3
1.084906E-4;2.230484E-5;-8.177910E-3
1.086156E-4;2.243682E-5;-8.210858E-3
1.087406E-4;2.256880E-5;-8.243806E-3
1.088656E-4;2.270078E-5;-8.276754E-3
1.089906E-4;2.283276E-5;-8.309702E-3
1.091156E-4;2.296474E-5;-8.342650E-3
1.092406E-4;2.309672E-5;-8.375598E-3
1.093656E-4;2.322871E-5;-8.408546E-3
1.094906E-4;2.336069E-5;-8.441493E-3
1.096155E-4;2.349267E-5;-8.474441E-3
1.097405E-4;2.362465E-5;-8.507389E-3
1.098655E-4;2.375663E-5;-8.540337E-3
1.099905E-4;2.388861E-5;-8.573285E-3
1.101155E-4;2.402059E-5;-8.606233E-3
1.102405E-4;2.415257E-5;-8.639181E-3
1.103655E-4;2.428456E-5;-8.672129E-3
1.104905E-4;2.441654E-5;-8.705077E-3
1.106155E-4;2.454852E-5;-8.738025E-3
1.107404E-4;2.468050E-5;-8.770973E-3
1.108654E-4;2.481248E-5;-8.803921E-3
1.109904E-4;2.494446E-5;-8.836869E-3
1.111154E-4;2.507644E-5;-8.869817E-3
1.112404E-4;2.520842E-5;-8.902765E-3
1.113654E-4;2.534041E-5;-8.935713E-3
1.114904E-4;2.547239E-5;-8.968661E-3
1.116154E-4;2.560437E-5;-9.001609E-3
1.117404E-4;2.573635E-5;-9.034557E-3
1.118654E-4;2.586833E-5;-9.067505E-3
1.119903E-4;2.600031E-5;-9.100453E-3
1.121153E-4;2.613229E-5;-9.133401E-3
1.122403E-4;2.626427E-5;-9.166349E-3
1.123653E-4;2.639626E-5;-9.199297E-3
1.124903E-4;2.652824E-5;-9.232245E-3
1.126153E-4;2.666022E-5;-9.265193E-3
1.127403E-4;2.679220E-5;-9.298141E-3
1.128653E-4;2.692418E-5;-9.331089E-3
1.129903E-4;2.705616E-5;-9.364037E-3
1.131152E-4;2.718814E-5;-9.396985E-3
1.132402E-4;2.732012E-5;-9.429933E-3
1.133652E-4;2.745211E-5;-9.462880E-3
1.134902E-4;2.758409E-5;-9.495828E-3
1.136152E-4;2.771607E-5;-9.528776E-3
1.137402E-4;2.784805E-5;-9.561724E-3
1.138652E-4;2.798003E-5;-9.594672E-3
1.139902E-4;2.811201E-5;-9.627620E-3
1.141152E-4;2.824399E-5;-9.660568E-3
1.142401E-4;2.837598E-5;-9.693516E-3
1.143651E-4;2.850796E-5;-9.726464E-3
1.144901E-4;2.863994E-5;-9.759412E-3
1.146151E-4;2.877192E-5;-9.792360E-3
1.147401E-4;2.890390E-5;-9.825308E-3
1.148651E-4;2.903588E-5;-9.858256E-3
1.149901E-4;2.916786E-5;-9.891204E-3
1.151151E-4;2.929984E-5;-9.924152E-3
1.152401E-4;2.943183E-5;-9.957100E-3
1.153650E-4;2.956381E-5;-9.990048E-3
1.154900E-4;2.969579E-5;-1.002300E-2
1.156150E-4;2.982777E-5;-1.005594E-2
1.157400E-4;2.995975E-5;-1.008889E-2
1.158650E-4;3.009173E-5;-1.012184E-2
1.159900E-4;3.022371E-5;-1.015479E-2
1.161150E-4;3.035569E-5;-1.018774E-2
1.162400E-4;3.048768E-5;-1.022068E-2
1.163650E-4;3.061966E-5;-1.025363E-2
1.164900E-4;3.075164E-5;-1.028658E-2
1.166149E-4;3.088362E-5;-1.031953E-2
1.167399E-4;3.101560E-5;-1.035248E-2
1.168649E-4;3.114758E-5;-1.038542E-2
1.169899E-4;3.127956E-5;-1.041837E-2
1.171149E-4;3.141154E-5;-1.045132E-2
1.172399E-4;3.154353E-5;-1.048427E-2
1.173649E-4;3.167551E-5;-1.051722E-2
1.174899E-4;3.180749E-5;-1.055016E-2
1.176149E-4;3.193947E-5;-1.058311E-2
1.177398E-4;3.207145E-5;-1.061606E-2
1.178648E-4;3.220343E-5;-1.064901E-2
1.179898E-4;3.233541E-5;-1.068196E-2
1.181148E-4;3.246739E-5;-1.071490E-2
1.182398E-4;3.259938E-5;-1.074785E-2
1.183648E-4;3.273136E-5;-1.078080E-2
1.184898E-4;3.286334E-5;-1.081375E-2
1.186148E-4;3.299532E-5;-1.084670E-2
1.187398E-4;3.312730E-5;-1.087964E-2
1.188647E-4;3.325928E-5;-1.091259E-2
1.189897E-4;3.339126E-5;-1.094554E-2
1.191147E-4;3.352324E-5;-1.097849E-2
1.192397E-4;3.365523E-5;-1.101143E-2
1.193647E-4;3.378721E-5;-1.104438E-2
1.194897E-4;3.391919E-5;-1.107733E-2
1.196147E-4;3.405117E-5;-1.111028E-2
1.197397E-4;3.418315E-5;-1.114323E-2
1.198647E-4;3.431513E-5;-1.117617E-2
1.199897E-4;3.444711E-5;-1.120912E-2
1.201146E-4;3.457910E-5;-1.124207E-2
1.202396E-4;3.471108E-5;-1.127502E-2
1.203646E-4;3.484306E-5;-1.130797E-2
1.204896E-4;3.497504E-5;-1.134091E-2
1.206146E-4;3.510702E-5;-1.137386E-2
1.207396E-4;3.523900E-5;-1.140681E-2
1.208646E-4;3.537098E-5;-1.143976E-2
1.209896E-4;3.550296E-5;-1.147271E-2
1.211146E-4;3.563495E-5;-1.150565E-2
1.212395E-4;3.576693E-5;-1.153860E-2
1.213645E-4;3.589891E-5;-1.157155E-2
1.214895E-4;3.603089E-5;-1.160450E-2
1.216145E-4;3.616287E-5;-1.163745E-2
1.217395E-4;3.629485E-5;-1.167039E-2
1.218645E-4;3.642683E-5;-1.170334E-2
1.219895E-4;3.655881E-5;-1.173629E-2
1.221145E-4;3.669080E-5;-1.176924E-2
1.222395E-4;3.682278E-5;-1.180219E-2
1.223644E-4;3.695476E-5;-1.183513E-2
1.224894E-4;3.708674E-5;-1.186808E-2
1.226144E-4;3.721872E-5;-1.190103E-2
1.227394E-4;3.735070E-5;-1.193398E-2
1.228644E-4;3.748268E-5;-1.196693E-2
1.229894E-4;3.761466E-5;-1.199987E-2
1.231144E-4;3.761466E-5;-1.203896E-2
1.232394E-4;3.761466E-5;-1.207805E-2
1.233644E-4;3.761466E-5;-1.211714E-2
1.234893E-4;3.761466E-5;-1.215622E-2
1.236143E-4;3.761466E-5;-1.219531E-2
1.237393E-4;3.761466E-5;-1.223440E-2
1.238643E-4;3.761466E-5;-1.227349E-2
1.239893E-4;3.761466E-5;-1.231257E-2
1.241143E-4;3.761466E-5;-1.235166E-2
1.242393E-4;3.761466E-5;-1.239075E-2
1.243643E-4;3.761466E-5;-1.242984E-2
1.244893E-4;3.761466E-5;-1.246892E-2
1.246143E-4;3.761466E-5;-1.250801E-2
1.247392E-4;3.761466E-5;-1.254710E-2
1.248642E-4;3.761466E-5;-1.258619E-2
1.249892E-4;3.761466E-5;-1.262527E-2
1.251142E-4;3.761466E-5;-1.266436E-2
1.252392E-4;3.761466E-5;-1.270345E-2
1.253642E-4;3.761466E-5;-1.274254E-2
1.254892E-4;3.761466E-5;-1.278162E-2
1.256142E-4;3.761466E-5;-1.282071E-2
1.257392E-4;3.761466E-5;-1.285980E-2
1.258641E-4;3.761466E-5;-1.289889E-2
1.259891E-4;3.761466E-5;-1.293797E-2
1.261141E-4;3.761466E-5;-1.297706E-2
1.262391E-4;3.761466E-5;-1.301615E-2
1.263641E-4;3.761466E-5;-1.305524E-2
1.264891E-4;3.761466E-5;-1.309432E-2
1.266141E-4;3.761466E-5;-1.313341E-2
1.267391E-4;3.761466E-5;-1.317250E-2
1.268641E-4;3.761466E-5;-1.321159E-2
1.269890E-4;3.761466E-5;-1.325067E-2
1.271140E-4;3.761466E-5;-1.328976E-2
1.272390E-4;3.761466E-5;-1.332885E-2
1.273640E-4;3.761466E-5;-1.336794E-2
1.274890E-4;3.761466E-5;-1.340702E-2
1.276140E-4;3.761466E-5;-1.344611E-2
1.277390E-4;3.761466E-5;-1.348520E-2
1.278640E-4;3.761466E-5;-1.352429E-2
1.279890E-4;3.761466E-5;-1.356337E-2
1.281140E-4;3.761466E-5;-1.360246E-2
1.282389E-4;3.761466E-5;-1.364155E-2
1.283639E-4;3.761466E-5;-1.368064E-2
1.284889E-4;3.761466E-5;-1.371972E-2
1.286139E-4;3.761466E-5;-1.375881E-2
1.287389E-4;3.761466E-5;-1.379790E-2
1.288639E-4;3.761466E-5;-1.383699E-2
1.289889E-4;3.761466E-5;-1.387607E-2
1.291139E-4;3.761466E-5;-1.391516E-2
1.292389E-4;3.761466E-5;-1.395425E-2
1.293638E-4;3.761466E-5;-1.399334E-2
1.294888E-4;3.761466E-5;-1.403242E-2
1.296138E-4;3.761466E-5;-1.407151E-2
1.297388E-4;3.761466E-5;-1.411060E-2
1.298638E-4;3.761466E-5;-1.414968E-2
1.299888E-4;3.761466E-5;-1.418877E-2
1.301138E-4;3.761466E-5;-1.422786E-2
1.302388E-4;3.761466E-5;-1.426695E-2
1.303638E-4;3.761466E-5;-1.430603E-2
1.304887E-4;3.761466E-5;-1.434512E-2
1.306137E-4;3.761466E-5;-1.438421E-2
1.307387E-4;3.761466E-5;-1.442330E-2
1.308637E-4;3.761466E-5;-1.446238E-2
1.309887E-4;3.761466E-5;-1.450147E-2
1.311137E-4;3.761466E-5;-1.454056E-2
1.312387E-4;3.761466E-5;-1.457965E-2
1.313637E-4;3.761466E-5;-1.461873E-2
1.314887E-4;3.761466E-5;-1.465782E-2
1.316136E-4;3.761466E-5;-1.469691E-2
1.317386E-4;3.761466E-5;-1.473600E-2
1.318636E-4;3.761466E-5;-1.477508E-2
1.319886E-4;3.761466E-5;-1.481417E-2
1.321136E-4;3.761466E-5;-1.485326E-2
1.322386E-4;3.761466E-5;-1.489235E-2
1.323636E-4;3.761466E-5;-1.493143E-2
1.324886E-4;3.761466E-5;-1.497052E-2
1.326136E-4;3.761466E-5;-1.500961E-2
1.327386E-4;3.761466E-5;-1.504870E-2
1.328635E-4;3.761466E-5;-1.508778E-2
1.329885E-4;3.761466E-5;-1.512687E-2
1.331135E-4;3.761466E-5;-1.516596E-2
1.332385E-4;3.761466E-5;-1.520505E-2
1.333635E-4;3.761466E-5;-1.524413E-2
1.334885E-4;3.761466E-5;-1.528322E-2
1.336135E-4;3.761466E-5;-1.532231E-2
1.337385E-4;3.761466E-5;-1.536140E-2
1.338635E-4;3.761466E-5;-1.540048E-2
1.339884E-4;3.761466E-5;-1.543957E-2
1.341134E-4;3.761466E-5;-1.547866E-2
1.342384E-4;3.761466E-5;-1.551775E-2
1.343634E-4;3.761466E-5;-1.555683E-2
1.344884E-4;3.761466E-5;-1.559592E-2
1.346134E-4;3.761466E-5;-1.563501E-2
1.347384E-4;3.761466E-5;-1.567410E-2
1.348634E-4;3.761466E-5;-1.571318E-2
1.349884E-4;3.761466E-5;-1.575227E-2
1.351133E-4;3.761466E-5;-1.579136E-2
1.352383E-4;3.761466E-5;-1.583045E-2
1.353633E-4;3.761466E-5;-1.586953E-2
1.354883E-4;3.761466E-5;-1.590862E-2
1.356133E-4;3.761466E-5;-1.594771E-2
1.357383E-4;3.761466E-5;-1.598680E-2
1.358633E-4;3.761466E-5;-1.602588E-2
1.359883E-4;3.761466E-5;-1.606497E-2
1.361133E-4;3.761466E-5;-1.610406E-2
1.362382E-4;3.761466E-5;-1.614315E-2
1.363632E-4;3.761466E-5;-1.618223E-2
1.364882E-4;3.761466E-5;-1.622132E-2
1.366132E-4;3.761466E-5;-1.626041E-2
1.367382E-4;3.761466E-5;-1.629950E-2
1.368632E-4;3.761466E-5;-1.633858E-2
1.369882E-4;3.761466E-5;-1.637767E-2
1.371132E-4;3.761466E-5;-1.641676E-2
1.372382E-4;3.761466E-5;-1.645585E-2
1.373632E-4;3.761466E-5;-1.649493E-2
1.374881E-4;3.761466E-5;-1.653402E-2
1.376131E-4;3.761466E-5;-1.657311E-2
1.377381E-4;3.761466E-5;-1.661220E-2
1.378631E-4;3.761466E-5;-1.665128E-2
1.379881E-4;3.761466E-5;-1.669037E-2
1.381131E-4;3.761466E-5;-1.672946E-2
1.382381E-4;3.761466E-5;-1.676855E-2
1.383631E-4;3.761466E-5;-1.680763E-2
1.384881E-4;3.761466E-5;-1.684672E-2
1.386130E-4;3.761466E-5;-1.688581E-2
1.387380E-4;3.761466E-5;-1.692490E-2
1.388630E-4;3.761466E-5;-1.696398E-2
1.389880E-4;3.761466E-5;-1.700307E-2
1.391130E-4;3.761466E-5;-1.704216E-2
1.392380E-4;3.761466E-5;-1.708125E-2
1.393630E-4;3.761466E-5;-1.712033E-2
1.394880E-4;3.761466E-5;-1.715942E-2
1.396130E-4;3.761466E-5;-1.719851E-2
1.397379E-4;3.761466E-5;-1.723760E-2
1.398629E-4;3.761466E-5;-1.727668E-2
1.399879E-4;3.761466E-5;-1.731577E-2
1.401129E-4;3.761466E-5;-1.735486E-2
1.402379E-4;3.761466E-5;-1.739395E-2
1.403629E-4;3.761466E-5;-1.743303E-2
1.404879E-4;3.761466E-5;-1.747212E-2
1.406129E-4;3.761466E-5;-1.751121E-2
1.407379E-4;3.761466E-5;-1.755029E-2
1.408629E-4;3.761466E-5;-1.758938E-2
1.409878E-4;3.761466E-5;-1.762847E-2
1.411128E-4;3.761466E-5;-1.766756E-2
1.412378E-4;3.761466E-5;-1.770664E-2
1.413628E-4;3.761466E-5;-1.774573E-2
1.414878E-4;3.761466E-5;-1.778482E-2
1.416128E-4;3.761466E-5;-1.782391E-2
1.417378E-4;3.761466E-5;-1.786299E-2
1.418628E-4;3.761466E-5;-1.790208E-2
1.419878E-4;3.761466E-5;-1.794117E-2
1.421127E-4;3.761466E-5;-1.798026E-2
1.422377E-4;3.761466E-5;-1.801934E-2
1.423627E-4;3.761466E-5;-1.805843E-2
1.424877E-4;3.761466E-5;-1.809752E-2
1.426127E-4;3.761466E-5;-1.813661E-2
1.427377E-4;3.761466E-5;-1.817569E-2
1.428627E-4;3.761466E-5;-1.821478E-2
1.429877E-4;3.761466E-5;-1.825387E-2
1.431127E-4;3.761466E-5;-1.829296E-2
1.432376E-4;3.761466E-5;-1.833204E-2
1.433626E-4;3.761466E-5;-1.837113E-2
1.434876E-4;3.761466E-5;-1.841022E-2
1.436126E-4;3.761466E-5;-1.844931E-2
1.437376E-4;3.761466E-5;-1.848839E-2
1.438626E-4;3.761466E-5;-1.852748E-2
1.439876E-4;3.761466E-5;-1.856657E-2
1.441126E-4;3.761466E-5;-1.860566E-2
1.442376E-4;3.761466E-5;-1.864474E-2
1.443625E-4;3.761466E-5;-1.868383E-2
1.444875E-4;3.761466E-5;-1.872292E-2
1.446125E-4;3.761466E-5;-1.876201E-2
1.447375E-4;3.761466E-5;-1.880109E-2
1.448625E-4;3.761466E-5;-1.884018E-2
1.449875E-4;3.761466E-5;-1.887927E-2
1.451125E-4;3.761466E-5;-1.891836E-2
1.452375E-4;3.761466E-5;-1.895744E-2
1.453625E-4;3.761466E-5;-1.899653E-2
1.454875E-4;3.761466E-5;-1.903562E-2
1.456124E-4;3.761466E-5;-1.907471E-2
1.457374E-4;3.761466E-5;-1.911379E-2
1.458624E-4;3.761466E-5;-1.915288E-2
1.459874E-4;3.761466E-5;-1.919197E-2
1.461124E-4;3.761466E-5;-1.923106E-2
1.462374E-4;3.761466E-5;-1.927014E-2
1.463624E-4;3.761466E-5;-1.930923E-2
1.464874E-4;3.761466E-5;-1.934832E-2
1.466124E-4;3.761466E-5;-1.938741E-2
1.467373E-4;3.761466E-5;-1.942649E-2
1.468623E-4;3.761466E-5;-1.946558E-2
1.469873E-4;3.761466E-5;-1.950467E-2
1.471123E-4;3.761466E-5;-1.954376E-2
1.472373E-4;3.761466E-5;-1.958284E-2
1.473623E-4;3.761466E-5;-1.962193E-2
1.474873E-4;3.761466E-5;-1.966102E-2
1.476123E-4;3.761466E-5;-1.970011E-2
1.477373E-4;3.761466E-5;-1.973919E-2
1.478622E-4;3.761466E-5;-1.977828E-2
1.479872E-4;3.761466E-5;-1.981737E-2
1.481122E-4;3.761466E-5;-1.985646E-2
1.482372E-4;3.761466E-5;-1.989554E-2
1.483622E-4;3.761466E-5;-1.993463E-2
1.484872E-4;3.761466E-5;-1.997372E-2
1.486122E-4;3.761466E-5;-2.001281E-2
1.487372E-4;3.761466E-5;-2.005189E-2
1.488622E-4;3.761466E-5;-2.009098E-2
1.489871E-4;3.761466E-5;-2.013007E-2
1.491121E-4;3.761466E-5;-2.016916E-2
1.492371E-4;3.761466E-5;-2.020824E-2
1.493621E-4;3.761466E-5;-2.024733E-2
1.494871E-4;3.761466E-5;-2.028642E-2
1.496121E-4;3.761466E-5;-2.032551E-2
1.497371E-4;3.761466E-5;-2.036459E-2
1.498621E-4;3.761466E-5;-2.040368E-2
1.499871E-4;3.761466E-5;-2.044277E-2
1.501121E-4;3.761466E-5;-2.048186E-2
1.502370E-4;3.761466E-5;-2.052094E-2
1.503620E-4;3.761466E-5;-2.056003E-2
1.504870E-4;3.761466E-5;-2.061178E-2
1.506120E-4;3.761466E-5;-2.066353E-2
1.507370E-4;3.761466E-5;-2.071528E-2
1.508620E-4;3.761466E-5;-2.076703E-2
1.509870E-4;3.761466E-5;-2.081879E-2
1.511120E-4;3.761466E-5;-2.087054E-2
1.512370E-4;3.761466E-5;-2.092229E-2
1.513619E-4;3.761466E-5;-2.097404E-2
1.514869E-4;3.761466E-5;-2.102579E-2
1.516119E-4;3.761466E-5;-2.107754E-2
1.517369E-4;3.761466E-5;-2.112929E-2
1.518619E-4;3.761466E-5;-2.118104E-2
1.519869E-4;3.761466E-5;-2.123279E-2
1.521119E-4;3.761466E-5;-2.128454E-2
1.522369E-4;3.761466E-5;-2.133630E-2
1.523619E-4;3.761466E-5;-2.138805E-2
1.524868E-4;3.761466E-5;-2.143980E-2
1.526118E-4;3.761466E-5;-2.149155E-2
1.527368E-4;3.761466E-5;-2.154330E-2
1.528618E-4;3.761466E-5;-2.159505E-2
1.529868E-4;3.761466E-5;-2.164680E-2
1.531118E-4;3.761466E-5;-2.169855E-2
1.532368E-4;3.761466E-5;-2.175030E-2
1.533618E-4;3.761466E-5;-2.180205E-2
1.534868E-4;3.761466E-5;-2.185380E-2
1.536118E-4;3.761466E-5;-2.190556E-2
1.537367E-4;3.761466E-5;-2.195731E-2
1.538617E-4;3.761466E-5;-2.200906E-2
1.539867E-4;3.761466E-5;-2.206081E-2
1.541117E-4;3.761466E-5;-2.211256E-2
1.542367E-4;3.761466E-5;-2.216431E-2
1.543617E-4;3.761466E-5;-2.221606E-2
1.544867E-4;3.761466E-5;-2.226781E-2
1.546117E-4;3.761466E-5;-2.231956E-2
1.547367E-4;3.761466E-5;-2.237131E-2
1.548616E-4;3.761466E-5;-2.242307E-2
1.549866E-4;3.761466E-5;-2.247482E-2
1.551116E-4;3.761466E-5;-2.252657E-2
1.552366E-4;3.761466E-5;-2.257832E-2
1.553616E-4;3.761466E-5;-2.263007E-2
1.554866E-4;3.761466E-5;-2.268182E-2
1.556116E-4;3.761466E-5;-2.273357E-2
1.557366E-4;3.761466E-5;-2.278532E-2
1.558616E-4;3.761466E-5;-2.283707E-2
1.559865E-4;3.761466E-5;-2.288882E-2
1.561115E-4;3.761466E-5;-2.294058E-2
1.562365E-4;3.761466E-5;-2.299233E-2
1.563615E-4;3.761466E-5;-2.304408E-2
1.564865E-4;3.761466E-5;-2.309583E-2
1.566115E-4;3.761466E-5;-2.314758E-2
1.567365E-4;3.761466E-5;-2.319933E-2
1.568615E-4;3.761466E-5;-2.325108E-2
1.569865E-4;3.761466E-5;-2.330283E-2
1.571114E-4;3.761466E-5;-2.335458E-2
1.572364E-4;3.761466E-5;-2.340633E-2
1.573614E-4;3.761466E-5;-2.345809E-2
1.574864E-4;3.761466E-5;-2.350984E-2
1.576114E-4;3.761466E-5;-2.356159E-2
1.577364E-4;3.761466E-5;-2.361334E-2
1.578614E-4;3.761466E-5;-2.366509E-2
1.579864E-4;3.761466E-5;-2.371684E-2
1.581114E-4;3.761466E-5;-2.376859E-2
1.582364E-4;3.761466E-5;-2.382034E-2
1.583613E-4;3.761466E-5;-2.387209E-2
1.584863E-4;3.761466E-5;-2.392384E-2
1.586113E-4;3.761466E-5;-2.397559E-2
1.587363E-4;3.761466E-5;-2.402735E-2
1.588613E-4;3.761466E-5;-2.407910E-2
1.589863E-4;3.761466E-5;-2.413085E-2
1.591113E-4;3.761466E-5;-2.418260E-2
1.592363E-4;3.761466E-5;-2.423435E-2
1.593613E-4;3.761466E-5;-2.428610E-2
1.594862E-4;3.761466E-5;-2.433785E-2
1.596112E-4;3.761466E-5;-2.438960E-2
1.597362E-4;3.761466E-5;-2.444135E-2
1.598612E-4;3.761466E-5;-2.449310E-2
1.599862E-4;3.761466E-5;-2.454486E-2
1.601112E-4;3.761466E-5;-2.459661E-2
1.602362E-4;3.761466E-5;-2.464836E-2
1.603612E-4;3.761466E-5;-2.470011E-2
1.604862E-4;3.761466E-5;-2.475186E-2
1.606111E-4;3.761466E-5;-2.480361E-2
1.607361E-4;3.761466E-5;-2.485536E-2
1.608611E-4;3.761466E-5;-2.490711E-2
1.609861E-4;3.761466E-5;-2.495886E-2
1.611111E-4;3.761466E-5;-2.501061E-2
1.612361E-4;3.761466E-5;-2.506237E-2
1.613611E-4;3.761466E-5;-2.511412E-2
1.614861E-4;3.761466E-5;-2.516587E-2
1.616111E-4;3.761466E-5;-2.521762E-2
1.617361E-4;3.761466E-5;-2.526937E-2
1.618610E-4;3.761466E-5;-2.532112E-2
1.619860E-4;3.761466E-5;-2.537287E-2
1.621110E-4;3.761466E-5;-2.542462E-2
1.622360E-4;3.761466E-5;-2.547637E-2
1.623610E-4;3.761466E-5;-2.552812E-2
1.624860E-4;3.761466E-5;-2.557988E-2
1.626110E-4;3.761466E-5;-2.563163E-2
1.627360E-4;3.761466E-5;-2.568338E-2
1.628610E-4;3.761466E-5;-2.573513E-2
1.629859E-4;3.761466E-5;-2.578688E-2
1.631109E-4;3.761466E-5;-2.583863E-2
1.632359E-4;3.761466E-5;-2.589038E-2
1.633609E-4;3.761466E-5;-2.594213E-2
1.634859E-4;3.761466E-5;-2.599388E-2
1.636109E-4;3.761466E-5;-2.604563E-2
1.637359E-4;3.761466E-5;-2.609738E-2
1.638609E-4;3.761466E-5;-2.614914E-2
1.639859E-4;3.761466E-5;-2.620089E-2
1.641108E-4;3.761466E-5;-2.625264E-2
1.642358E-4;3.761466E-5;-2.630439E-2
1.643608E-4;3.761466E-5;-2.635614E-2
1.644858E-4;3.761466E-5;-2.640789E-2
1.646108E-4;3.761466E-5;-2.645964E-2
1.647358E-4;3.761466E-5;-2.651139E-2
1.648608E-4;3.761466E-5;-2.656314E-2
1.649858E-4;3.761466E-5;-2.661489E-2
1.651108E-4;3.761466E-5;-2.666665E-2
1.652357E-4;3.761466E-5;-2.671840E-2
1.653607E-4;3.761466E-5;-2.677015E-2
1.654857E-4;3.761466E-5;-2.682190E-2
1.656107E-4;3.761466E-5;-2.687365E-2
1.657357E-4;3.761466E-5;-2.692540E-2
1.658607E-4;3.761466E-5;-2.697715E-2
1.659857E-4;3.761466E-5;-2.702890E-2
1.661107E-4;3.761466E-5;-2.708065E-2
1.662357E-4;3.761466E-5;-2.713240E-2
1.663607E-4;3.761466E-5;-2.718416E-2
1.664856E-4;3.761466E-5;-2.723591E-2
1.666106E-4;3.761466E-5;-2.728766E-2
1.667356E-4;3.761466E-5;-2.733941E-2
1.668606E-4;3.761466E-5;-2.739116E-2
1.669856E-4;3.761466E-5;-2.744291E-2
1.671106E-4;3.761466E-5;-2.749466E-2
1.672356E-4;3.761466E-5;-2.754641E-2
1.673606E-4;3.761466E-5;-2.759816E-2
1.674856E-4;3.761466E-5;-2.764991E-2
1.676105E-4;3.761466E-5;-2.770167E-2
1.677355E-4;3.761466E-5;-2.775342E-2
1.678605E-4;3.761466E-5;-2.780517E-2
1.679855E-4;3.761466E-5;-2.785692E-2
1.681105E-4;3.761466E-5;-2.790867E-2
1.682355E-4;3.761466E-5;-2.796042E-2
1.683605E-4;3.761466E-5;-2.801217E-2
1.684855E-4;3.761466E-5;-2.806392E-2
1.686105E-4;3.761466E-5;-2.811567E-2
1.687354E-4;3.761466E-5;-2.816742E-2
1.688604E-4;3.761466E-5;-2.821918E-2
1.689854E-4;3.761466E-5;-2.827093E-2
1.691104E-4;3.761466E-5;-2.832268E-2
1.692354E-4;3.761466E-5;-2.837443E-2
1.693604E-4;3.761466E-5;-2.842618E-2
1.694854E-4;3.761466E-5;-2.847793E-2
1.696104E-4;3.761466E-5;-2.852968E-2
1.697354E-4;3.761466E-5;-2.858143E-2
1.698603E-4;3.761466E-5;-2.863318E-2
1.699853E-4;3.761466E-5;-2.868493E-2
1.701103E-4;3.761466E-5;-2.873668E-2
1.702353E-4;3.761466E-5;-2.878844E-2
1.703603E-4;3.761466E-5;-2.884019E-2
1.704853E-4;3.761466E-5;-2.889194E-2
1.706103E-4;3.761466E-5;-2.894369E-2
1.707353E-4;3.761466E-5;-2.899544E-2
1.708603E-4;3.761466E-5;-2.904719E-2
1.709853E-4;3.761466E-5;-2.909894E-2
1.711102E-4;3.761466E-5;-2.915069E-2
1.712352E-4;3.761466E-5;-2.920244E-2
1.713602E-4;3.761466E-5;-2.925419E-2
1.714852E-4;3.761466E-5;-2.930595E-2
1.716102E-4;3.761466E-5;-2.935770E-2
1.717352E-4;3.761466E-5;-2.940945E-2
1.718602E-4;3.761466E-5;-2.946120E-2
1.719852E-4;3.761466E-5;-2.951295E-2
1.721102E-4;3.761466E-5;-2.956470E-2
1.722351E-4;3.761466E-5;-2.961645E-2
1.723601E-4;3.761466E-5;-2.966820E-2
1.724851E-4;3.761466E-5;-2.971995E-2
1.726101E-4;3.761466E-5;-2.977170E-2
1.727351E-4;3.761466E-5;-2.982346E-2
1.728601E-4;3.761466E-5;-2.987521E-2
1.729851E-4;3.761466E-5;-2.992696E-2
1.731101E-4;3.761466E-5;-2.997871E-2
1.732351E-4;3.761466E-5;-3.003046E-2
1.733600E-4;3.761466E-5;-3.008221E-2
1.734850E-4;3.761466E-5;-3.013396E-2
1.736100E-4;3.761466E-5;-3.018571E-2
1.737350E-4;3.761466E-5;-3.023746E-2
1.738600E-4;3.761466E-5;-3.028921E-2
1.739850E-4;3.761466E-5;-3.034097E-2
1.741100E-4;3.761466E-5;-3.039272E-2
1.742350E-4;3.761466E-5;-3.044447E-2
1.743600E-4;3.761466E-5;-3.049622E-2
1.744850E-4;3.761466E-5;-3.054797E-2
1.746099E-4;3.761466E-5;-3.059972E-2
1.747349E-4;3.761466E-5;-3.067047E-2
1.748599E-4;3.761466E-5;-3.074121E-2
1.749849E-4;3.761466E-5;-3.081196E-2
1.751099E-4;3.761466E-5;-3.088270E-2
1.752349E-4;3.761466E-5;-3.095345E-2
1.753599E-4;3.761466E-5;-3.102419E-2
1.754849E-4;3.761466E-5;-3.109494E-2
1.756099E-4;3.761466E-5;-3.116568E-2
1.757348E-4;3.761466E-5;-3.123643E-2
1.758598E-4;3.761466E-5;-3.130717E-2
1.759848E-4;3.761466E-5;-3.137792E-2
1.761098E-4;3.761466E-5;-3.144866E-2
1.762348E-4;3.761466E-5;-3.151941E-2
1.763598E-4;3.761466E-5;-3.159015E-2
1.764848E-4;3.761466E-5;-3.166090E-2
1.766098E-4;3.761466E-5;-3.173164E-2
1.767348E-4;3.761466E-5;-3.180239E-2
1.768597E-4;3.761466E-5;-3.187313E-2
1.769847E-4;3.761466E-5;-3.194388E-2
1.771097E-4;3.761466E-5;-3.201462E-2
1.772347E-4;3.761466E-5;-3.208537E-2
1.773597E-4;3.761466E-5;-3.215611E-2
1.774847E-4;3.761466E-5;-3.222686E-2
1.776097E-4;3.761466E-5;-3.229760E-2
1.777347E-4;3.761466E-5;-3.236835E-2
1.778597E-4;3.761466E-5;-3.243909E-2
1.779846E-4;3.761466E-5;-3.250984E-2
1.781096E-4;3.761466E-5;-3.258058E-2
1.782346E-4;3.761466E-5;-3.265133E-2
1.783596E-4;3.761466E-5;-3.272207E-2
1.784846E-4;3.761466E-5;-3.279282E-2
1.786096E-4;3.761466E-5;-3.286356E-2
1.787346E-4;3.761466E-5;-3.293431E-2
1.788596E-4;3.761466E-5;-3.300505E-2
1.789846E-4;3.761466E-5;-3.307580E-2
1.791096E-4;3.761466E-5;-3.314654E-2
1.792345E-4;3.761466E-5;-3.321729E-2
1.793595E-4;3.761466E-5;-3.328803E-2
1.794845E-4;3.761466E-5;-3.335878E-2
1.796095E-4;3.761466E-5;-3.342952E-2
1.797345E-4;3.761466E-5;-3.350027E-2
1.798595E-4;3.761466E-5;-3.357101E-2
1.799845E-4;3.761466E-5;-3.364176E-2
1.801095E-4;3.761466E-5;-3.371250E-2
1.802345E-4;3.761466E-5;-3.378325E-2
1.803594E-4;3.761466E-5;-3.385399E-2
1.804844E-4;3.761466E-5;-3.392474E-2
1.806094E-4;3.761466E-5;-3.399548E-2
1.807344E-4;3.761466E-5;-3.406623E-2
1.808594E-4;3.761466E-5;-3.413697E-2
1.809844E-4;3.761466E-5;-3.420772E-2
1.811094E-4;3.761466E-5;-3.427846E-2
1.812344E-4;3.761466E-5;-3.434921E-2
1.813594E-4;3.761466E-5;-3.441996E-2
1.814843E-4;3.761466E-5;-3.449070E-2
1.816093E-4;3.761466E-5;-3.456145E-2
1.817343E-4;3.761466E-5;-3.463219E-2
1.818593E-4;3.761466E-5;-3.470294E-2
1.819843E-4;3.761466E-5;-3.477368E-2
1.821093E-4;3.761466E-5;-3.484443E-2
1.822343E-4;3.761466E-5;-3.491517E-2
1.823593E-4;3.761466E-5;-3.498592E-2
1.824843E-4;3.761466E-5;-3.505666E-2
1.826092E-4;3.761466E-5;-3.512741E-2
1.827342E-4;3.761466E-5;-3.519815E-2
1.828592E-4;3.761466E-5;-3.526890E-2
1.829842E-4;3.761466E-5;-3.533964E-2
1.831092E-4;3.761466E-5;-3.541039E-2
1.832342E-4;3.761466E-5;-3.548113E-2
1.833592E-4;3.761466E-5;-3.555188E-2
1.834842E-4;3.761466E-5;-3.562262E-2
1.836092E-4;3.761466E-5;-3.569337E-2
1.837342E-4;3.761466E-5;-3.576411E-2
1.838591E-4;3.761466E-5;-3.583486E-2
1.839841E-4;3.761466E-5;-3.590560E-2
1.841091E-4;3.761466E-5;-3.597635E-2
1.842341E-4;3.761466E-5;-3.604709E-2
1.843591E-4;3.761466E-5;-3.611784E-2
1.844841E-4;3.761466E-5;-3.618858E-2
1.846091E-4;3.761466E-5;-3.625933E-2
1.847341E-4;3.761466E-5;-3.633007E-2
1.848591E-4;3.761466E-5;-3.640082E-2
1.849840E-4;3.761466E-5;-3.647156E-2
1.851090E-4;3.761466E-5;-3.654231E-2
1.852340E-4;3.761466E-5;-3.661305E-2
1.853590E-4;3.761466E-5;-3.668380E-2
1.854840E-4;3.761466E-5;-3.675454E-2
1.856090E-4;3.761466E-5;-3.682529E-2
1.857340E-4;3.761466E-5;-3.689603E-2
1.858590E-4;3.761466E-5;-3.696678E-2
1.859840E-4;3.761466E-5;-3.703752E-2
1.861089E-4;3.761466E-5;-3.710827E-2
1.862339E-4;3.761466E-5;-3.717901E-2
1.863589E-4;3.761466E-5;-3.724976E-2
1.864839E-4;3.761466E-5;-3.732050E-2
1.866089E-4;3.761466E-5;-3.739125E-2
1.867339E-4;3.761466E-5;-3.746199E-2
1.868589E-4;3.761466E-5;-3.753274E-2
1.869839E-4;3.761466E-5;-3.760348E-2
1.871089E-4;3.761466E-5;-3.767423E-2
1.872339E-4;3.761466E-5;-3.774497E-2
1.873588E-4;3.761466E-5;-3.781572E-2
1.874838E-4;3.761466E-5;-3.788646E-2
1.876088E-4;3.761466E-5;-3.795721E-2
1.877338E-4;3.761466E-5;-3.802795E-2
1.878588E-4;3.761466E-5;-3.809870E-2
1.879838E-4;3.761466E-5;-3.816945E-2
1.881088E-4;3.761466E-5;-3.824019E-2
1.882338E-4;3.761466E-5;-3.831094E-2
1.883588E-4;3.761466E-5;-3.838168E-2
1.884837E-4;3.761466E-5;-3.845243E-2
1.886087E-4;3.761466E-5;-3.852317E-2
1.887337E-4;3.761466E-5;-3.859392E-2
1.888587E-4;3.761466E-5;-3.866466E-2
1.889837E-4;3.761466E-5;-3.873541E-2
1.891087E-4;3.761466E-5;-3.880615E-2
1.892337E-4;3.761466E-5;-3.887690E-2
1.893587E-4;3.761466E-5;-3.894764E-2
1.894837E-4;3.761466E-5;-3.901839E-2
1.896086E-4;3.761466E-5;-3.908913E-2
1.897336E-4;3.761466E-5;-3.915988E-2
1.898586E-4;3.716640E-5;-3.921401E-2
1.899836E-4;3.671814E-5;-3.926814E-2
1.901086E-4;3.626987E-5;-3.932228E-2
1.902336E-4;3.582161E-5;-3.937641E-2
1.903586E-4;3.537335E-5;-3.943055E-2
1.904836E-4;3.492509E-5;-3.948468E-2
1.906086E-4;3.447682E-5;-3.953881E-2
1.907335E-4;3.402856E-5;-3.959295E-2
1.908585E-4;3.358030E-5;-3.964708E-2
1.909835E-4;3.313203E-5;-3.970122E-2
1.911085E-4;3.268377E-5;-3.975535E-2
1.912335E-4;3.223551E-5;-3.980948E-2
1.913585E-4;3.178724E-5;-3.986362E-2
1.914835E-4;3.133898E-5;-3.991775E-2
1.916085E-4;3.089072E-5;-3.997188E-2
1.917335E-4;3.044245E-5;-4.002602E-2
1.918585E-4;2.999419E-5;-4.008015E-2
1.919834E-4;2.954593E-5;-4.013429E-2
1.921084E-4;2.909766E-5;-4.018842E-2
1.922334E-4;2.864940E-5;-4.024255E-2
1.923584E-4;2.820114E-5;-4.029669E-2
1.924834E-4;2.775287E-5;-4.035082E-2
1.926084E-4;2.730461E-5;-4.040496E-2
1.927334E-4;2.685635E-5;-4.045909E-2
1.928584E-4;2.640808E-5;-4.051322E-2
1.929834E-4;2.595982E-5;-4.056736E-2
1.931083E-4;2.551156E-5;-4.062149E-2
1.932333E-4;2.506329E-5;-4.067562E-2
1.933583E-4;2.461503E-5;-4.072976E-2
1.934833E-4;2.416677E-5;-4.078389E-2
1.936083E-4;2.371850E-5;-4.083803E-2
1.937333E-4;2.327024E-5;-4.089216E-2
1.938583E-4;2.282198E-5;-4.094629E-2
1.939833E-4;2.237371E-5;-4.100043E-2
1.941083E-4;2.192545E-5;-4.105456E-2
1.942332E-4;2.147719E-5;-4.110870E-2
1.943582E-4;2.102892E-5;-4.116283E-2
1.944832E-4;2.058066E-5;-4.121696E-2
1.946082E-4;2.013240E-5;-4.127110E-2
1.947332E-4;1.968413E-5;-4.132523E-2
1.948582E-4;1.923587E-5;-4.137937E-2
1.949832E-4;1.878761E-5;-4.143350E-2
1.951082E-4;1.833934E-5;-4.148763E-2
1.952332E-4;1.789108E-5;-4.154177E-2
1.953582E-4;1.744282E-5;-4.159590E-2
1.954831E-4;1.699455E-5;-4.165003E-2
1.956081E-4;1.654629E-5;-4.170417E-2
1.957331E-4;1.609803E-5;-4.175830E-2
1.958581E-4;1.564976E-5;-4.181244E-2
1.959831E-4;1.520150E-5;-4.186657E-2
1.961081E-4;1.475324E-5;-4.192070E-2
1.962331E-4;1.430497E-5;-4.197484E-2
1.963581E-4;1.385671E-5;-4.202897E-2
1.964831E-4;1.340845E-5;-4.208311E-2
1.966080E-4;1.296018E-5;-4.213724E-2
1.967330E-4;1.251192E-5;-4.219137E-2
1.968580E-4;1.206366E-5;-4.224551E-2
1.969830E-4;1.161540E-5;-4.229964E-2
1.971080E-4;1.116713E-5;-4.235377E-2
1.972330E-4;1.071887E-5;-4.240791E-2
1.973580E-4;1.027061E-5;-4.246204E-2
1.974830E-4;9.822342E-6;-4.251618E-2
1.976080E-4;9.374079E-6;-4.257031E-2
1.977329E-4;8.925816E-6;-4.262444E-2
1.978579E-4;8.477552E-6;-4.267858E-2
1.979829E-4;8.029289E-6;-4.273271E-2
1.981079E-4;7.581026E-6;-4.278685E-2
1.982329E-4;7.132762E-6;-4.284098E-2
1.983579E-4;6.684499E-6;-4.289511E-2
1.984829E-4;6.236236E-6;-4.294925E-2
1.986079E-4;5.787973E-6;-4.300338E-2
1.987329E-4;5.339709E-6;-4.305752E-2
1.988578E-4;4.891446E-6;-4.311165E-2
1.989828E-4;4.443183E-6;-4.316578E-2
1.991078E-4;3.994920E-6;-4.321992E-2
1.992328E-4;3.546656E-6;-4.327405E-2
1.993578E-4;3.098393E-6;-4.332818E-2
1.994828E-4;2.650130E-6;-4.338232E-2
1.996078E-4;2.201867E-6;-4.343645E-2
1.997328E-4;1.753603E-6;-4.349059E-2
1.998578E-4;1.305340E-6;-4.354472E-2
1.999828E-4;8.570767E-7;-4.359885E-2
2.001077E-4;4.088135E-7;-4.365299E-2
2.002327E-4;-3.944978E-8;-4.370712E-2
2.003577E-4;-4.877131E-7;-4.376126E-2
2.004827E-4;-9.359763E-7;-4.381539E-2
2.006077E-4;-1.384240E-6;-4.386952E-2
2.007327E-4;-1.832503E-6;-4.392366E-2
2.008577E-4;-2.280766E-6;-4.397779E-2
2.009827E-4;-2.729029E-6;-4.403192E-2
2.011077E-4;-3.177293E-6;-4.408606E-2
2.012326E-4;-3.625556E-6;-4.414019E-2
2.013576E-4;-4.073819E-6;-4.419433E-2
2.014826E-4;-4.522082E-6;-4.424846E-2
2.016076E-4;-4.970346E-6;-4.430259E-2
2.017326E-4;-5.418609E-6;-4.435673E-2
2.018576E-4;-5.866872E-6;-4.441086E-2
2.019826E-4;-6.315136E-6;-4.446500E-2
2.021076E-4;-6.763399E-6;-4.451913E-2
2.022326E-4;-7.211662E-6;-4.457326E-2
2.023575E-4;-7.659925E-6;-4.462740E-2
2.024825E-4;-8.108189E-6;-4.468153E-2
2.026075E-4;-8.556452E-6;-4.473567E-2
2.027325E-4;-9.004715E-6;-4.478980E-2
2.028575E-4;-9.452978E-6;-4.484393E-2
2.029825E-4;-9.901242E-6;-4.489807E-2
2.031075E-4;-1.034950E-5;-4.495220E-2
2.032325E-4;-1.079777E-5;-4.500633E-2
2.033575E-4;-1.124603E-5;-4.506047E-2
2.034824E-4;-1.169429E-5;-4.511460E-2
2.036074E-4;-1.214256E-5;-4.516874E-2
2.037324E-4;-1.259082E-5;-4.522287E-2
2.038574E-4;-1.303908E-5;-4.527700E-2
2.039824E-4;-1.348735E-5;-4.533114E-2
2.041074E-4;-1.393561E-5;-4.538527E-2
2.042324E-4;-1.438387E-5;-4.543941E-2
2.043574E-4;-1.483214E-5;-4.549354E-2
2.044824E-4;-1.528040E-5;-4.554767E-2
2.046074E-4;-1.572866E-5;-4.560181E-2
2.047323E-4;-1.617693E-5;-4.565594E-2
2.048573E-4;-1.662519E-5;-4.571007E-2
2.049823E-4;-1.707345E-5;-4.576421E-2
2.051073E-4;-1.752172E-5;-4.581834E-2
2.052323E-4;-1.796998E-5;-4.587248E-2
2.053573E-4;-1.841824E-5;-4.592661E-2
2.054823E-4;-1.886651E-5;-4.598074E-2
2.056073E-4;-1.931477E-5;-4.603488E-2
2.057323E-4;-1.976303E-5;-4.608901E-2
2.058572E-4;-2.021130E-5;-4.614315E-2
2.059822E-4;-2.065956E-5;-4.619728E-2
2.061072E-4;-2.110782E-5;-4.625141E-2
2.062322E-4;-2.155609E-5;-4.630555E-2
2.063572E-4;-2.200435E-5;-4.635968E-2
2.064822E-4;-2.245261E-5;-4.641381E-2
2.066072E-4;-2.290088E-5;-4.646795E-2
2.067322E-4;-2.334914E-5;-4.652208E-2
2.068572E-4;-2.379740E-5;-4.657622E-2
2.069821E-4;-2.424567E-5;-4.663035E-2
2.071071E-4;-2.469393E-5;-4.668448E-2
2.072321E-4;-2.514219E-5;-4.673862E-2
2.073571E-4;-2.559046E-5;-4.679275E-2
2.074821E-4;-2.603872E-5;-4.684689E-2
2.076071E-4;-2.648698E-5;-4.690102E-2
2.077321E-4;-2.693525E-5;-4.695515E-2
2.078571E-4;-2.738351E-5;-4.700929E-2
2.079821E-4;-2.783177E-5;-4.706342E-2
2.081071E-4;-2.828004E-5;-4.711756E-2
2.082320E-4;-2.872830E-5;-4.717169E-2
2.083570E-4;-2.917656E-5;-4.722582E-2
2.084820E-4;-2.962483E-5;-4.727996E-2
2.086070E-4;-3.007309E-5;-4.733409E-2
2.087320E-4;-3.052135E-5;-4.738822E-2
2.088570E-4;-3.096962E-5;-4.744236E-2
2.089820E-4;-3.141788E-5;-4.749649E-2
2.091070E-4;-3.090653E-5;-4.756782E-2
2.092320E-4;-3.039517E-5;-4.763915E-2
2.093569E-4;-2.988382E-5;-4.771047E-2
2.094819E-4;-2.937247E-5;-4.778180E-2
2.096069E-4;-2.886112E-5;-4.785313E-2
2.097319E-4;-2.834977E-5;-4.792445E-2
2.098569E-4;-2.783841E-5;-4.799578E-2
2.099819E-4;-2.732706E-5;-4.806711E-2
2.101069E-4;-2.681571E-5;-4.813844E-2
2.102319E-4;-2.630436E-5;-4.820976E-2
2.103569E-4;-2.579300E-5;-4.828109E-2
2.104818E-4;-2.528165E-5;-4.835242E-2
2.106068E-4;-2.477030E-5;-4.842374E-2
2.107318E-4;-2.425895E-5;-4.849507E-2
2.108568E-4;-2.374760E-5;-4.856640E-2
2.109818E-4;-2.323624E-5;-4.863772E-2
2.111068E-4;-2.272489E-5;-4.870905E-2
2.112318E-4;-2.221354E-5;-4.878038E-2
2.113568E-4;-2.170219E-5;-4.885171E-2
2.114818E-4;-2.119084E-5;-4.892303E-2
2.116067E-4;-2.067948E-5;-4.899436E-2
2.117317E-4;-2.016813E-5;-4.906569E-2
2.118567E-4;-1.965678E-5;-4.913701E-2
2.119817E-4;-1.914543E-5;-4.920834E-2
2.121067E-4;-1.863407E-5;-4.927967E-2
2.122317E-4;-1.812272E-5;-4.935099E-2
2.123567E-4;-1.761137E-5;-4.942232E-2
2.124817E-4;-1.710002E-5;-4.949365E-2
2.126067E-4;-1.658867E-5;-4.956498E-2
2.127317E-4;-1.607731E-5;-4.963630E-2
2.128566E-4;-1.556596E-5;-4.970763E-2
2.129816E-4;-1.505461E-5;-4.977896E-2
2.131066E-4;-1.454326E-5;-4.985028E-2
2.132316E-4;-1.403190E-5;-4.992161E-2
2.133566E-4;-1.352055E-5;-4.999294E-2
2.134816E-4;-1.300920E-5;-5.006426E-2
2.136066E-4;-1.249785E-5;-5.013559E-2
2.137316E-4;-1.198650E-5;-5.020692E-2
2.138566E-4;-1.147514E-5;-5.027825E-2
2.139815E-4;-1.096379E-5;-5.034957E-2
2.141065E-4;-1.045244E-5;-5.042090E-2
2.142315E-4;-9.941087E-6;-5.049223E-2
2.143565E-4;-9.429735E-6;-5.056355E-2
2.144815E-4;-8.918383E-6;-5.063488E-2
2.146065E-4;-8.407031E-6;-5.070621E-2
2.147315E-4;-7.895679E-6;-5.077753E-2
2.148565E-4;-7.384326E-6;-5.084886E-2
2.149815E-4;-6.872974E-6;-5.092019E-2
2.151064E-4;-6.361622E-6;-5.099152E-2
2.152314E-4;-5.850270E-6;-5.106284E-2
2.153564E-4;-5.338918E-6;-5.113417E-2
2.154814E-4;-4.827566E-6;-5.120550E-2
2.156064E-4;-4.316213E-6;-5.127682E-2
2.157314E-4;-3.804861E-6;-5.134815E-2
2.158564E-4;-3.293509E-6;-5.141948E-2
2.159814E-4;-2.782157E-6;-5.149080E-2
2.161064E-4;-2.270805E-6;-5.156213E-2
2.162314E-4;-1.759453E-6;-5.163346E-2
2.163563E-4;-1.248100E-6;-5.170479E-2
2.164813E-4;-7.367482E-7;-5.177611E-2
2.166063E-4;-2.253960E-7;-5.184744E-2
2.167313E-4;2.859561E-7;-5.191877E-2
2.168563E-4;7.973083E-7;-5.199009E-2
2.169813E-4;1.308660E-6;-5.206142E-2
2.171063E-4;1.820013E-6;-5.213275E-2
2.172313E-4;2.331365E-6;-5.220407E-2
2.173563E-4;2.842717E-6;-5.227540E-2
2.174812E-4;3.354069E-6;-5.234673E-2
2.176062E-4;3.865421E-6;-5.241806E-2
2.177312E-4;4.376774E-6;-5.248938E-2
2.178562E-4;4.888126E-6;-5.256071E-2
2.179812E-4;5.399478E-6;-5.263204E-2
2.181062E-4;5.910830E-6;-5.270336E-2
2.182312E-4;6.422182E-6;-5.277469E-2
2.183562E-4;6.933534E-6;-5.284602E-2
2.184812E-4;7.444887E-6;-5.291734E-2
2.186061E-4;7.956239E-6;-5.298867E-2
2.187311E-4;8.467591E-6;-5.306000E-2
2.188561E-4;8.978943E-6;-5.313133E-2
2.189811E-4;9.490295E-6;-5.320265E-2
2.191061E-4;1.000165E-5;-5.327398E-2
2.192311E-4;1.051300E-5;-5.334531E-2
2.193561E-4;1.102435E-5;-5.341663E-2
2.194811E-4;1.153570E-5;-5.348796E-2
2.196061E-4;1.204706E-5;-5.355929E-2
2.197310E-4;1.255841E-5;-5.363061E-2
2.198560E-4;1.306976E-5;-5.370194E-2
2.199810E-4;1.358111E-5;-5.377327E-2
2.201060E-4;1.409246E-5;-5.384460E-2
2.202310E-4;1.460382E-5;-5.391592E-2
2.203560E-4;1.511517E-5;-5.398725E-2
2.204810E-4;1.562652E-5;-5.405858E-2
2.206060E-4;1.613787E-5;-5.412990E-2
2.207310E-4;1.664923E-5;-5.420123E-2
2.208560E-4;1.716058E-5;-5.427256E-2
2.209809E-4;1.767193E-5;-5.434388E-2
2.211059E-4;1.818328E-5;-5.441521E-2
2.212309E-4;1.869463E-5;-5.448654E-2
2.213559E-4;1.920599E-5;-5.455787E-2
2.214809E-4;1.971734E-5;-5.462919E-2
2.216059E-4;2.022869E-5;-5.470052E-2
2.217309E-4;2.074004E-5;-5.477185E-2
2.218559E-4;2.125140E-5;-5.484317E-2
2.219809E-4;2.176275E-5;-5.491450E-2
2.221058E-4;2.227410E-5;-5.498583E-2
2.222308E-4;2.278545E-5;-5.505715E-2
2.223558E-4;2.329680E-5;-5.512848E-2
2.224808E-4;2.380816E-5;-5.519981E-2
2.226058E-4;2.431951E-5;-5.527113E-2
2.227308E-4;2.483086E-5;-5.534246E-2
2.228558E-4;2.534221E-5;-5.541379E-2
2.229808E-4;2.585356E-5;-5.548512E-2
2.231058E-4;2.636492E-5;-5.555644E-2
2.232307E-4;2.687627E-5;-5.562777E-2
2.233557E-4;2.738762E-5;-5.569910E-2
2.234807E-4;2.789897E-5;-5.577042E-2
2.236057E-4;2.841033E-5;-5.584175E-2
2.237307E-4;2.892168E-5;-5.591308E-2
2.238557E-4;2.943303E-5;-5.598440E-2
2.239807E-4;2.994438E-5;-5.605573E-2
2.241057E-4;3.045573E-5;-5.612706E-2
2.242307E-4;3.096709E-5;-5.619839E-2
2.243556E-4;3.147844E-5;-5.626971E-2
2.244806E-4;3.198979E-5;-5.634104E-2
2.246056E-4;3.250114E-5;-5.641237E-2
2.247306E-4;3.301250E-5;-5.648369E-2
2.248556E-4;3.352385E-5;-5.655502E-2
2.249806E-4;3.403520E-5;-5.662635E-2
2.251056E-4;3.454655E-5;-5.669767E-2
2.252306E-4;3.505790E-5;-5.676900E-2
2.253556E-4;3.556926E-5;-5.684033E-2
2.254806E-4;3.608061E-5;-5.691166E-2
2.256055E-4;3.659196E-5;-5.698298E-2
2.257305E-4;3.710331E-5;-5.705431E-2
2.258555E-4;3.761466E-5;-5.712564E-2
2.259805E-4;3.761466E-5;-5.719429E-2
2.261055E-4;3.761466E-5;-5.726294E-2
2.262305E-4;3.761466E-5;-5.733160E-2
2.263555E-4;3.761466E-5;-5.740025E-2
2.264805E-4;3.761466E-5;-5.746891E-2
2.266055E-4;3.761466E-5;-5.753756E-2
2.267304E-4;3.761466E-5;-5.760622E-2
2.268554E-4;3.761466E-5;-5.767487E-2
2.269804E-4;3.761466E-5;-5.774352E-2
2.271054E-4;3.761466E-5;-5.781218E-2
2.272304E-4;3.761466E-5;-5.788083E-2
2.273554E-4;3.761466E-5;-5.794949E-2
2.274804E-4;3.761466E-5;-5.801814E-2
2.276054E-4;3.761466E-5;-5.808679E-2
2.277304E-4;3.761466E-5;-5.815545E-2
2.278553E-4;3.761466E-5;-5.822410E-2
2.279803E-4;3.761466E-5;-5.829276E-2
2.281053E-4;3.761466E-5;-5.836141E-2
2.282303E-4;3.761466E-5;-5.843006E-2
2.283553E-4;3.761466E-5;-5.849872E-2
2.284803E-4;3.761466E-5;-5.856737E-2
2.286053E-4;3.761466E-5;-5.863603E-2
2.287303E-4;3.761466E-5;-5.870468E-2
2.288553E-4;3.761466E-5;-5.877333E-2
2.289803E-4;3.761466E-5;-5.884199E-2
2.291052E-4;3.761466E-5;-5.891064E-2
2.292302E-4;3.761466E-5;-5.897930E-2
2.293552E-4;3.761466E-5;-5.904795E-2
2.294802E-4;3.761466E-5;-5.911660E-2
2.296052E-4;3.761466E-5;-5.918526E-2
2.297302E-4;3.761466E-5;-5.925391E-2
2.298552E-4;3.761466E-5;-5.932257E-2
2.299802E-4;3.761466E-5;-5.939122E-2
2.301052E-4;3.761466E-5;-5.945987E-2
2.302301E-4;3.761466E-5;-5.952853E-2
2.303551E-4;3.761466E-5;-5.959718E-2
2.304801E-4;3.761466E-5;-5.966584E-2
2.306051E-4;3.761466E-5;-5.973449E-2
2.307301E-4;3.761466E-5;-5.980314E-2
2.308551E-4;3.761466E-5;-5.987180E-2
2.309801E-4;3.761466E-5;-5.994045E-2
2.311051E-4;3.761466E-5;-6.000911E-2
2.312301E-4;3.761466E-5;-6.007776E-2
2.313550E-4;3.761466E-5;-6.014641E-2
2.314800E-4;3.761466E-5;-6.021507E-2
2.316050E-4;3.761466E-5;-6.028372E-2
2.317300E-4;3.761466E-5;-6.035238E-2
2.318550E-4;3.761466E-5;-6.042103E-2
2.319800E-4;3.761466E-5;-6.048969E-2
2.321050E-4;3.761466E-5;-6.055834E-2
2.322300E-4;3.761466E-5;-6.062699E-2
2.323550E-4;3.761466E-5;-6.069565E-2
2.324799E-4;3.761466E-5;-6.076430E-2
2.326049E-4;3.761466E-5;-6.083296E-2
2.327299E-4;3.761466E-5;-6.090161E-2
2.328549E-4;3.761466E-5;-6.097026E-2
2.329799E-4;3.761466E-5;-6.103892E-2
2.331049E-4;3.761466E-5;-6.110757E-2
2.332299E-4;3.761466E-5;-6.117623E-2
2.333549E-4;3.761466E-5;-6.124488E-2
2.334799E-4;3.761466E-5;-6.131353E-2
2.336049E-4;3.761466E-5;-6.138219E-2
2.337298E-4;3.761466E-5;-6.145084E-2
2.338548E-4;3.761466E-5;-6.151950E-2
2.339798E-4;3.761466E-5;-6.158815E-2
2.341048E-4;3.761466E-5;-6.165680E-2
2.342298E-4;3.761466E-5;-6.172546E-2
2.343548E-4;3.761466E-5;-6.179411E-2
2.344798E-4;3.761466E-5;-6.186277E-2
2.346048E-4;3.761466E-5;-6.193142E-2
2.347298E-4;3.761466E-5;-6.200007E-2
2.348547E-4;3.761466E-5;-6.206873E-2
2.349797E-4;3.761466E-5;-6.213738E-2
2.351047E-4;3.761466E-5;-6.220604E-2
2.352297E-4;3.761466E-5;-6.227469E-2
2.353547E-4;3.761466E-5;-6.234334E-2
2.354797E-4;3.761466E-5;-6.241200E-2
2.356047E-4;3.761466E-5;-6.248065E-2
2.357297E-4;3.761466E-5;-6.254931E-2
2.358547E-4;3.761466E-5;-6.261796E-2
2.359796E-4;3.761466E-5;-6.268661E-2
2.361046E-4;3.761466E-5;-6.275527E-2
2.362296E-4;3.761466E-5;-6.282392E-2
2.363546E-4;3.761466E-5;-6.289258E-2
2.364796E-4;3.761466E-5;-6.296123E-2
2.366046E-4;3.761466E-5;-6.302988E-2
2.367296E-4;3.761466E-5;-6.309854E-2
2.368546E-4;3.761466E-5;-6.316719E-2
2.369796E-4;3.761466E-5;-6.323585E-2
2.371045E-4;3.761466E-5;-6.330450E-2
2.372295E-4;3.761466E-5;-6.337315E-2
2.373545E-4;3.761466E-5;-6.344181E-2
2.374795E-4;3.761466E-5;-6.351046E-2
2.376045E-4;3.761466E-5;-6.357912E-2
2.377295E-4;3.761466E-5;-6.364777E-2
2.378545E-4;3.761466E-5;-6.371643E-2
2.379795E-4;3.761466E-5;-6.378508E-2
2.381045E-4;3.761466E-5;-6.385373E-2
2.382295E-4;3.761466E-5;-6.392239E-2
2.383544E-4;3.761466E-5;-6.399104E-2
2.384794E-4;3.761466E-5;-6.405970E-2
2.386044E-4;3.761466E-5;-6.412835E-2
2.387294E-4;3.761466E-5;-6.419700E-2
2.388544E-4;3.761466E-5;-6.426566E-2
2.389794E-4;3.761466E-5;-6.433431E-2
2.391044E-4;3.761466E-5;-6.440297E-2
2.392294E-4;3.761466E-5;-6.447162E-2
2.393544E-4;3.761466E-5;-6.454027E-2
2.394793E-4;3.761466E-5;-6.460893E-2
2.396043E-4;3.761466E-5;-6.467758E-2
2.397293E-4;3.761466E-5;-6.474624E-2
2.398543E-4;3.761466E-5;-6.481489E-2
2.399793E-4;3.761466E-5;-6.488354E-2
2.401043E-4;3.761466E-5;-6.495220E-2
2.402293E-4;3.761466E-5;-6.502085E-2
2.403543E-4;3.761466E-5;-6.508951E-2
2.404793E-4;3.761466E-5;-6.515816E-2
2.406042E-4;3.761466E-5;-6.522681E-2
2.407292E-4;3.761466E-5;-6.529547E-2
2.408542E-4;3.761466E-5;-6.536412E-2
2.409792E-4;3.761466E-5;-6.543278E-2
2.411042E-4;3.761466E-5;-6.550143E-2
2.412292E-4;3.761466E-5;-6.557008E-2
2.413542E-4;3.761466E-5;-6.563874E-2
2.414792E-4;3.761466E-5;-6.570739E-2
2.416042E-4;3.761466E-5;-6.577605E-2
2.417292E-4;3.761466E-5;-6.584470E-2
2.418541E-4;3.761466E-5;-6.591335E-2
2.419791E-4;3.761466E-5;-6.598201E-2
2.421041E-4;3.761466E-5;-6.605066E-2
2.422291E-4;3.761466E-5;-6.611932E-2
2.423541E-4;3.761466E-5;-6.618797E-2
2.424791E-4;3.761466E-5;-6.625662E-2
2.426041E-4;3.761466E-5;-6.632528E-2
2.427291E-4;3.761466E-5;-6.639393E-2
2.428541E-4;3.761466E-5;-6.646259E-2
2.429790E-4;3.761466E-5;-6.653124E-2
2.431040E-4;3.716687E-5;-6.664300E-2
2.432290E-4;3.671908E-5;-6.675475E-2
2.433540E-4;3.627128E-5;-6.686651E-2
2.434790E-4;3.582349E-5;-6.697826E-2
2.436040E-4;3.537570E-5;-6.709001E-2
2.437290E-4;3.492790E-5;-6.720177E-2
2.438540E-4;3.448011E-5;-6.731352E-2
2.439790E-4;3.403232E-5;-6.742528E-2
2.441039E-4;3.358452E-5;-6.753703E-2
2.442289E-4;3.313673E-5;-6.764879E-2
2.443539E-4;3.268893E-5;-6.776054E-2
2.444789E-4;3.224114E-5;-6.787230E-2
2.446039E-4;3.179335E-5;-6.798405E-2
2.447289E-4;3.134555E-5;-6.809581E-2
2.448539E-4;3.089776E-5;-6.820756E-2
2.449789E-4;3.044997E-5;-6.831932E-2
2.451039E-4;3.000217E-5;-6.843107E-2
2.452288E-4;2.955438E-5;-6.854283E-2
2.453538E-4;2.910659E-5;-6.865458E-2
2.454788E-4;2.865879E-5;-6.876634E-2
2.456038E-4;2.821100E-5;-6.887809E-2
2.457288E-4;2.776320E-5;-6.898985E-2
2.458538E-4;2.731541E-5;-6.910160E-2
2.459788E-4;2.686762E-5;-6.921336E-2
2.461038E-4;2.641982E-5;-6.932511E-2
2.462288E-4;2.597203E-5;-6.943687E-2
2.463538E-4;2.552424E-5;-6.954862E-2
2.464787E-4;2.507644E-5;-6.966037E-2
2.466037E-4;2.462865E-5;-6.977213E-2
2.467287E-4;2.418086E-5;-6.988388E-2
2.468537E-4;2.373306E-5;-6.999564E-2
2.469787E-4;2.328527E-5;-7.010739E-2
2.471037E-4;2.283747E-5;-7.021915E-2
2.472287E-4;2.238968E-5;-7.033090E-2
2.473537E-4;2.194189E-5;-7.044266E-2
2.474787E-4;2.149409E-5;-7.055441E-2
2.476036E-4;2.104630E-5;-7.066617E-2
2.477286E-4;2.059851E-5;-7.077792E-2
2.478536E-4;2.015071E-5;-7.088968E-2
2.479786E-4;1.970292E-5;-7.100143E-2
2.481036E-4;1.925513E-5;-7.111319E-2
2.482286E-4;1.880733E-5;-7.122494E-2
2.483536E-4;1.835954E-5;-7.133670E-2
2.484786E-4;1.791175E-5;-7.144845E-2
2.486036E-4;1.746395E-5;-7.156021E-2
2.487285E-4;1.701616E-5;-7.167196E-2
2.488535E-4;1.656836E-5;-7.178372E-2
2.489785E-4;1.612057E-5;-7.189547E-2
2.491035E-4;1.567278E-5;-7.200723E-2
2.492285E-4;1.522498E-5;-7.211898E-2
2.493535E-4;1.477719E-5;-7.223074E-2
2.494785E-4;1.432940E-5;-7.234249E-2
2.496035E-4;1.388160E-5;-7.245424E-2
2.497285E-4;1.343381E-5;-7.256600E-2
2.498535E-4;1.298602E-5;-7.267775E-2
2.499784E-4;1.253822E-5;-7.278951E-2
2.501034E-4;1.209043E-5;-7.290126E-2
2.502284E-4;1.164263E-5;-7.301302E-2
2.503534E-4;1.119484E-5;-7.312477E-2
2.504784E-4;1.074705E-5;-7.323653E-2
2.506034E-4;1.029925E-5;-7.334828E-2
2.507284E-4;9.851460E-6;-7.346004E-2
2.508534E-4;9.403666E-6;-7.357179E-2
2.509784E-4;8.955873E-6;-7.368355E-2
2.511033E-4;8.508079E-6;-7.379530E-2
2.512283E-4;8.060285E-6;-7.390706E-2
2.513533E-4;7.612492E-6;-7.401881E-2
2.514783E-4;7.164698E-6;-7.413057E-2
2.516033E-4;6.716904E-6;-7.424232E-2
2.517283E-4;6.269111E-6;-7.435408E-2
2.518533E-4;5.821317E-6;-7.446583E-2
2.519783E-4;5.373524E-6;-7.457759E-2
2.521033E-4;4.925730E-6;-7.468934E-2
2.522282E-4;4.477936E-6;-7.480110E-2
2.523532E-4;4.030143E-6;-7.491285E-2
2.524782E-4;3.582349E-6;-7.502460E-2
2.526032E-4;3.134555E-6;-7.513636E-2
2.527282E-4;2.686762E-6;-7.524811E-2
2.528532E-4;2.238968E-6;-7.535987E-2
2.529782E-4;1.791175E-6;-7.547162E-2
2.531032E-4;1.343381E-6;-7.558338E-2
2.532282E-4;8.955873E-7;-7.569513E-2
2.533531E-4;4.477936E-7;-7.580689E-2
2.534781E-4;0.000000E0;-7.591864E-2
2.536031E-4;0.000000E0;-7.600132E-2
2.537281E-4;0.000000E0;-7.608400E-2
2.538531E-4;0.000000E0;-7.616667E-2
2.539781E-4;0.000000E0;-7.624935E-2
2.541031E-4;0.000000E0;-7.633203E-2
2.542281E-4;0.000000E0;-7.641470E-2
2.543531E-4;0.000000E0;-7.649738E-2
2.544781E-4;0.000000E0;-7.658006E-2
2.546030E-4;0.000000E0;-7.666273E-2
2.547280E-4;0.000000E0;-7.674541E-2
2.548530E-4;0.000000E0;-7.682809E-2
2.549780E-4;0.000000E0;-7.691076E-2
2.551030E-4;0.000000E0;-7.699344E-2
2.552280E-4;0.000000E0;-7.707611E-2
2.553530E-4;0.000000E0;-7.715879E-2
2.554780E-4;0.000000E0;-7.724147E-2
2.556030E-4;0.000000E0;-7.732414E-2
2.557279E-4;0.000000E0;-7.740682E-2
2.558529E-4;0.000000E0;-7.748950E-2
2.559779E-4;0.000000E0;-7.757217E-2
2.561029E-4;0.000000E0;-7.765485E-2
2.562279E-4;0.000000E0;-7.773753E-2
2.563529E-4;0.000000E0;-7.782020E-2
2.564779E-4;0.000000E0;-7.790288E-2
2.566029E-4;0.000000E0;-7.798556E-2
2.567279E-4;0.000000E0;-7.806823E-2
2.568528E-4;0.000000E0;-7.815091E-2
2.569778E-4;0.000000E0;-7.823359E-2
2.571028E-4;0.000000E0;-7.831626E-2
2.572278E-4;0.000000E0;-7.839894E-2
2.573528E-4;0.000000E0;-7.848162E-2
2.574778E-4;0.000000E0;-7.856429E-2
2.576028E-4;0.000000E0;-7.864697E-2
2.577278E-4;0.000000E0;-7.872965E-2
2.578528E-4;0.000000E0;-7.881232E-2
2.579777E-4;0.000000E0;-7.889500E-2
2.581027E-4;0.000000E0;-7.897768E-2
2.582277E-4;0.000000E0;-7.906035E-2
2.583527E-4;0.000000E0;-7.914303E-2
2.584777E-4;0.000000E0;-7.922571E-2
2.586027E-4;0.000000E0;-7.930838E-2
2.587277E-4;0.000000E0;-7.939106E-2
2.588527E-4;0.000000E0;-7.947373E-2
2.589777E-4;0.000000E0;-7.955641E-2
2.591027E-4;0.000000E0;-7.963909E-2
2.592276E-4;0.000000E0;-7.972176E-2
2.593526E-4;0.000000E0;-7.980444E-2
2.594776E-4;0.000000E0;-7.988712E-2
2.596026E-4;0.000000E0;-7.996979E-2
2.597276E-4;0.000000E0;-8.005247E-2
2.598526E-4;0.000000E0;-8.013515E-2
2.599776E-4;0.000000E0;-8.021782E-2
2.601026E-4;0.000000E0;-8.030050E-2
2.602276E-4;0.000000E0;-8.038318E-2
2.603525E-4;0.000000E0;-8.046585E-2
2.604775E-4;0.000000E0;-8.054853E-2
2.606025E-4;0.000000E0;-8.063121E-2
2.607275E-4;0.000000E0;-8.071388E-2
2.608525E-4;0.000000E0;-8.079656E-2
2.609775E-4;0.000000E0;-8.087924E-2
2.611025E-4;0.000000E0;-8.096191E-2
2.612275E-4;0.000000E0;-8.104459E-2
2.613525E-4;0.000000E0;-8.112727E-2
2.614774E-4;0.000000E0;-8.120994E-2
2.616024E-4;0.000000E0;-8.129262E-2
2.617274E-4;0.000000E0;-8.137530E-2
2.618524E-4;0.000000E0;-8.145797E-2
2.619774E-4;0.000000E0;-8.154065E-2
2.621024E-4;0.000000E0;-8.162333E-2
2.622274E-4;0.000000E0;-8.170600E-2
2.623524E-4;0.000000E0;-8.178868E-2
2.624774E-4;0.000000E0;-8.187135E-2
2.626024E-4;0.000000E0;-8.195403E-2
2.627273E-4;0.000000E0;-8.203671E-2
2.628523E-4;0.000000E0;-8.211938E-2
2.629773E-4;0.000000E0;-8.220206E-2
2.631023E-4;0.000000E0;-8.228474E-2
2.632273E-4;0.000000E0;-8.236741E-2
2.633523E-4;0.000000E0;-8.245009E-2
2.634773E-4;0.000000E0;-8.253277E-2
2.636023E-4;0.000000E0;-8.261544E-2
2.637273E-4;0.000000E0;-8.269812E-2
2.638522E-4;0.000000E0;-8.278080E-2
2.639772E-4;0.000000E0;-8.286347E-2
2.641022E-4;0.000000E0;-8.294615E-2
2.642272E-4;0.000000E0;-8.302883E-2
2.643522E-4;0.000000E0;-8.311150E-2
2.644772E-4;0.000000E0;-8.319418E-2
2.646022E-4;0.000000E0;-8.327686E-2
2.647272E-4;0.000000E0;-8.335953E-2
2.648522E-4;0.000000E0;-8.344221E-2
2.649771E-4;0.000000E0;-8.352489E-2
2.651021E-4;0.000000E0;-8.360756E-2
2.652271E-4;0.000000E0;-8.369024E-2
2.653521E-4;0.000000E0;-8.377292E-2
2.654771E-4;0.000000E0;-8.385559E-2
2.656021E-4;0.000000E0;-8.393827E-2
2.657271E-4;0.000000E0;-8.402095E-2
2.658521E-4;0.000000E0;-8.410362E-2
2.659771E-4;0.000000E0;-8.418630E-2
2.661020E-4;0.000000E0;-8.426897E-2
2.662270E-4;0.000000E0;-8.435165E-2
2.663520E-4;0.000000E0;-8.443433E-2
2.664770E-4;0.000000E0;-8.451700E-2
2.666020E-4;0.000000E0;-8.459968E-2
2.667270E-4;0.000000E0;-8.468236E-2
2.668520E-4;0.000000E0;-8.476503E-2
2.669770E-4;0.000000E0;-8.484771E-2
2.671020E-4;0.000000E0;-8.493039E-2
2.672270E-4;0.000000E0;-8.501306E-2
2.673519E-4;0.000000E0;-8.509574E-2
2.674769E-4;0.000000E0;-8.517842E-2
2.676019E-4;0.000000E0;-8.526109E-2
2.677269E-4;0.000000E0;-8.534377E-2
2.678519E-4;0.000000E0;-8.542645E-2
2.679769E-4;0.000000E0;-8.550912E-2
2.681019E-4;0.000000E0;-8.559180E-2
2.682269E-4;0.000000E0;-8.567448E-2
2.683519E-4;0.000000E0;-8.575715E-2
2.684768E-4;0.000000E0;-8.583983E-2
2.686018E-4;0.000000E0;-8.592251E-2
2.687268E-4;0.000000E0;-8.600518E-2
2.688518E-4;0.000000E0;-8.608786E-2
2.689768E-4;0.000000E0;-8.617054E-2
2.691018E-4;0.000000E0;-8.625321E-2
2.692268E-4;0.000000E0;-8.633589E-2
2.693518E-4;0.000000E0;-8.641857E-2
2.694768E-4;0.000000E0;-8.650124E-2
2.696017E-4;0.000000E0;-8.658392E-2
2.697267E-4;0.000000E0;-8.666659E-2
2.698517E-4;0.000000E0;-8.674927E-2
2.699767E-4;0.000000E0;-8.683195E-2
2.701017E-4;0.000000E0;-8.692204E-2
2.702267E-4;0.000000E0;-8.701213E-2
2.703517E-4;0.000000E0;-8.710223E-2
2.704767E-4;0.000000E0;-8.719232E-2
2.706017E-4;0.000000E0;-8.728241E-2
2.707266E-4;0.000000E0;-8.737251E-2
2.708516E-4;0.000000E0;-8.746260E-2
2.709766E-4;0.000000E0;-8.755269E-2
2.711016E-4;0.000000E0;-8.764279E-2
2.712266E-4;0.000000E0;-8.773288E-2
2.713516E-4;0.000000E0;-8.782297E-2
2.714766E-4;0.000000E0;-8.791307E-2
2.716016E-4;0.000000E0;-8.800316E-2
2.717266E-4;0.000000E0;-8.809325E-2
2.718516E-4;0.000000E0;-8.818335E-2
2.719765E-4;0.000000E0;-8.827344E-2
2.721015E-4;0.000000E0;-8.836353E-2
2.722265E-4;0.000000E0;-8.845363E-2
2.723515E-4;0.000000E0;-8.854372E-2
2.724765E-4;0.000000E0;-8.863381E-2
2.726015E-4;0.000000E0;-8.872391E-2
2.727265E-4;0.000000E0;-8.881400E-2
2.728515E-4;0.000000E0;-8.890409E-2
2.729765E-4;0.000000E0;-8.899419E-2
2.731014E-4;0.000000E0;-8.908428E-2
2.732264E-4;0.000000E0;-8.917437E-2
2.733514E-4;0.000000E0;-8.926447E-2
2.734764E-4;0.000000E0;-8.935456E-2
2.736014E-4;0.000000E0;-8.944465E-2
2.737264E-4;0.000000E0;-8.953475E-2
2.738514E-4;0.000000E0;-8.962484E-2
2.739764E-4;0.000000E0;-8.971493E-2
2.741014E-4;0.000000E0;-8.980503E-2
2.742263E-4;0.000000E0;-8.989512E-2
2.743513E-4;0.000000E0;-8.998521E-2
2.744763E-4;0.000000E0;-9.007531E-2
2.746013E-4;0.000000E0;-9.016540E-2
2.747263E-4;0.000000E0;-9.025549E-2
2.748513E-4;0.000000E0;-9.034559E-2
2.749763E-4;0.000000E0;-9.043568E-2
2.751013E-4;0.000000E0;-9.052577E-2
2.752263E-4;0.000000E0;-9.061587E-2
2.753513E-4;0.000000E0;-9.070596E-2
2.754762E-4;0.000000E0;-9.079605E-2
2.756012E-4;0.000000E0;-9.088615E-2
2.757262E-4;0.000000E0;-9.097624E-2
2.758512E-4;0.000000E0;-9.106633E-2
2.759762E-4;0.000000E0;-9.115643E-2
2.761012E-4;0.000000E0;-9.124652E-2
2.762262E-4;0.000000E0;-9.133661E-2
2.763512E-4;0.000000E0;-9.142671E-2
2.764762E-4;0.000000E0;-9.151680E-2
2.766011E-4;0.000000E0;-9.160689E-2
2.767261E-4;0.000000E0;-9.169699E-2
2.768511E-4;0.000000E0;-9.178708E-2
2.769761E-4;0.000000E0;-9.187717E-2
2.771011E-4;0.000000E0;-9.196727E-2
2.772261E-4;0.000000E0;-9.205736E-2
2.773511E-4;0.000000E0;-9.214745E-2
2.774761E-4;0.000000E0;-9.223755E-2
2.776011E-4;0.000000E0;-9.232764E-2
2.777260E-4;0.000000E0;-9.241773E-2
2.778510E-4;0.000000E0;-9.250783E-2
2.779760E-4;0.000000E0;-9.259792E-2
2.781010E-4;0.000000E0;-9.268801E-2
2.782260E-4;0.000000E0;-9.277811E-2
2.783510E-4;0.000000E0;-9.286820E-2
2.784760E-4;0.000000E0;-9.295829E-2
2.786010E-4;0.000000E0;-9.304839E-2
2.787260E-4;0.000000E0;-9.313848E-2
2.788509E-4;0.000000E0;-9.322857E-2
2.789759E-4;0.000000E0;-9.331867E-2
2.791009E-4;0.000000E0;-9.340876E-2
2.792259E-4;0.000000E0;-9.349885E-2
2.793509E-4;0.000000E0;-9.358895E-2
2.794759E-4;0.000000E0;-9.367904E-2
2.796009E-4;0.000000E0;-9.376913E-2
2.797259E-4;0.000000E0;-9.385923E-2
2.798509E-4;0.000000E0;-9.394932E-2
2.799759E-4;0.000000E0;-9.403280E-2
2.801008E-4;0.000000E0;-9.411627E-2
2.802258E-4;0.000000E0;-9.419975E-2
2.803508E-4;0.000000E0;-9.428322E-2
2.804758E-4;0.000000E0;-9.436670E-2
2.806008E-4;0.000000E0;-9.445017E-2
2.807258E-4;0.000000E0;-9.453365E-2
2.808508E-4;0.000000E0;-9.461712E-2
2.809758E-4;0.000000E0;-9.470060E-2
2.811008E-4;0.000000E0;-9.478407E-2
2.812257E-4;0.000000E0;-9.486755E-2
2.813507E-4;0.000000E0;-9.495103E-2
2.814757E-4;0.000000E0;-9.503450E-2
2.816007E-4;0.000000E0;-9.511798E-2
2.817257E-4;0.000000E0;-9.520145E-2
2.818507E-4;0.000000E0;-9.528493E-2
2.819757E-4;0.000000E0;-9.536840E-2
2.821007E-4;0.000000E0;-9.545188E-2
2.822257E-4;0.000000E0;-9.553535E-2
2.823506E-4;0.000000E0;-9.561883E-2
2.824756E-4;0.000000E0;-9.570230E-2
2.826006E-4;0.000000E0;-9.578578E-2
2.827256E-4;0.000000E0;-9.586925E-2
2.828506E-4;0.000000E0;-9.595273E-2
2.829756E-4;0.000000E0;-9.603620E-2
2.831006E-4;0.000000E0;-9.611968E-2
2.832256E-4;0.000000E0;-9.620316E-2
2.833506E-4;0.000000E0;-9.628663E-2
2.834756E-4;0.000000E0;-9.637011E-2
2.836005E-4;0.000000E0;-9.645358E-2
2.837255E-4;0.000000E0;-9.653706E-2
2.838505E-4;0.000000E0;-9.662053E-2
2.839755E-4;0.000000E0;-9.670401E-2
2.841005E-4;0.000000E0;-9.678748E-2
2.842255E-4;0.000000E0;-9.687096E-2
2.843505E-4;0.000000E0;-9.695443E-2
2.844755E-4;0.000000E0;-9.703791E-2
2.846005E-4;0.000000E0;-9.712138E-2
2.847254E-4;0.000000E0;-9.720486E-2
2.848504E-4;0.000000E0;-9.728834E-2
2.849754E-4;0.000000E0;-9.737181E-2
2.851004E-4;0.000000E0;-9.745529E-2
2.852254E-4;0.000000E0;-9.753876E-2
2.853504E-4;0.000000E0;-9.762224E-2
2.854754E-4;0.000000E0;-9.770571E-2
2.856004E-4;0.000000E0;-9.778919E-2
2.857254E-4;0.000000E0;-9.787266E-2
2.858503E-4;0.000000E0;-9.795614E-2
2.859753E-4;0.000000E0;-9.803961E-2
2.861003E-4;0.000000E0;-9.812309E-2
2.862253E-4;0.000000E0;-9.820656E-2
2.863503E-4;0.000000E0;-9.829004E-2
2.864753E-4;0.000000E0;-9.837351E-2
2.866003E-4;0.000000E0;-9.845699E-2
2.867253E-4;0.000000E0;-9.854047E-2
2.868503E-4;0.000000E0;-9.862394E-2
2.869752E-4;0.000000E0;-9.870742E-2
2.871002E-4;0.000000E0;-9.879089E-2
2.872252E-4;0.000000E0;-9.887437E-2
2.873502E-4;0.000000E0;-9.895784E-2
2.874752E-4;0.000000E0;-9.904132E-2
2.876002E-4;0.000000E0;-9.912479E-2
2.877252E-4;0.000000E0;-9.920827E-2
2.878502E-4;0.000000E0;-9.929174E-2
2.879752E-4;0.000000E0;-9.937522E-2
2.881002E-4;0.000000E0;-9.945869E-2
2.882251E-4;0.000000E0;-9.954217E-2
2.883501E-4;0.000000E0;-9.962565E-2
2.884751E-4;0.000000E0;-9.970912E-2
2.886001E-4;0.000000E0;-9.979260E-2
2.887251E-4;0.000000E0;-9.987607E-2
2.888501E-4;0.000000E0;-9.995955E-2
2.889751E-4;0.000000E0;-1.000430E-1
2.891001E-4;0.000000E0;-1.001265E-1
2.892251E-4;0.000000E0;-1.002100E-1
2.893500E-4;0.000000E0;-1.002934E-1
2.894750E-4;0.000000E0;-1.003769E-1
2.896000E-4;0.000000E0;-1.004604E-1
2.897250E-4;0.000000E0;-1.005439E-1
2.898500E-4;0.000000E0;-1.006273E-1
2.899750E-4;0.000000E0;-1.007108E-1
2.901000E-4;0.000000E0;-1.007943E-1
2.902250E-4;0.000000E0;-1.008778E-1
2.903500E-4;0.000000E0;-1.009613E-1
2.904749E-4;0.000000E0;-1.010447E-1
2.905999E-4;0.000000E0;-1.011282E-1
2.907249E-4;0.000000E0;-1.012117E-1
2.908499E-4;0.000000E0;-1.012952E-1
2.909749E-4;0.000000E0;-1.013786E-1
2.910999E-4;0.000000E0;-1.014621E-1
2.912249E-4;0.000000E0;-1.015456E-1
2.913499E-4;0.000000E0;-1.016291E-1
2.914749E-4;0.000000E0;-1.017125E-1
2.915998E-4;0.000000E0;-1.017960E-1
2.917248E-4;0.000000E0;-1.018795E-1
2.918498E-4;0.000000E0;-1.019630E-1
2.919748E-4;0.000000E0;-1.020464E-1
2.920998E-4;0.000000E0;-1.021299E-1
2.922248E-4;0.000000E0;-1.022134E-1
2.923498E-4;0.000000E0;-1.022969E-1
2.924748E-4;0.000000E0;-1.023803E-1
2.925998E-4;0.000000E0;-1.024638E-1
2.927248E-4;0.000000E0;-1.025473E-1
2.928497E-4;0.000000E0;-1.026308E-1
2.929747E-4;0.000000E0;-1.027142E-1
2.930997E-4;0.000000E0;-1.027977E-1
2.932247E-4;0.000000E0;-1.028812E-1
2.933497E-4;0.000000E0;-1.029647E-1
2.934747E-4;0.000000E0;-1.030751E-1
2.935997E-4;0.000000E0;-1.031855E-1
2.937247E-4;0.000000E0;-1.032960E-1
2.938497E-4;0.000000E0;-1.034064E-1
2.939746E-4;0.000000E0;-1.035169E-1
2.940996E-4;0.000000E0;-1.036273E-1
2.942246E-4;0.000000E0;-1.037378E-1
2.943496E-4;0.000000E0;-1.038482E-1
2.944746E-4;0.000000E0;-1.039586E-1
2.945996E-4;0.000000E0;-1.040691E-1
2.947246E-4;0.000000E0;-1.041795E-1
2.948496E-4;0.000000E0;-1.042900E-1
2.949746E-4;0.000000E0;-1.044004E-1
2.950995E-4;0.000000E0;-1.045108E-1
2.952245E-4;0.000000E0;-1.046213E-1
2.953495E-4;0.000000E0;-1.047317E-1
2.954745E-4;0.000000E0;-1.048422E-1
2.955995E-4;0.000000E0;-1.049526E-1
2.957245E-4;0.000000E0;-1.050631E-1
2.958495E-4;0.000000E0;-1.051735E-1
2.959745E-4;0.000000E0;-1.052839E-1
2.960995E-4;0.000000E0;-1.053944E-1
2.962245E-4;0.000000E0;-1.055048E-1
2.963494E-4;0.000000E0;-1.056153E-1
2.964744E-4;0.000000E0;-1.057257E-1
2.965994E-4;0.000000E0;-1.058362E-1
2.967244E-4;0.000000E0;-1.059466E-1
2.968494E-4;0.000000E0;-1.060570E-1
2.969744E-4;0.000000E0;-1.061675E-1
2.970994E-4;0.000000E0;-1.062779E-1
2.972244E-4;0.000000E0;-1.063884E-1
2.973494E-4;0.000000E0;-1.064988E-1
2.974743E-4;0.000000E0;-1.066092E-1
2.975993E-4;0.000000E0;-1.067197E-1
2.977243E-4;0.000000E0;-1.068301E-1
2.978493E-4;0.000000E0;-1.069406E-1
2.979743E-4;0.000000E0;-1.070510E-1
2.980993E-4;0.000000E0;-1.071615E-1
2.982243E-4;0.000000E0;-1.072719E-1
2.983493E-4;0.000000E0;-1.073823E-1
2.984743E-4;0.000000E0;-1.074928E-1
2.985992E-4;0.000000E0;-1.076032E-1
2.987242E-4;0.000000E0;-1.077137E-1
2.988492E-4;0.000000E0;-1.078241E-1
2.989742E-4;0.000000E0;-1.079345E-1
2.990992E-4;0.000000E0;-1.080450E-1
2.992242E-4;0.000000E0;-1.081554E-1
2.993492E-4;0.000000E0;-1.082659E-1
2.994742E-4;0.000000E0;-1.083763E-1
2.995992E-4;0.000000E0;-1.084868E-1
2.997241E-4;0.000000E0;-1.085972E-1
2.998491E-4;0.000000E0;-1.087076E-1
2.999741E-4;0.000000E0;-1.088181E-1
3.000991E-4;0.000000E0;-1.089285E-1
3.002241E-4;0.000000E0;-1.090390E-1
3.003491E-4;0.000000E0;-1.091494E-1
3.004741E-4;0.000000E0;-1.092599E-1
3.005991E-4;0.000000E0;-1.093703E-1
3.007241E-4;0.000000E0;-1.094807E-1
3.008491E-4;0.000000E0;-1.095912E-1
3.009740E-4;0.000000E0;-1.097016E-1
3.010990E-4;0.000000E0;-1.098121E-1
3.012240E-4;0.000000E0;-1.099225E-1
3.013490E-4;0.000000E0;-1.100329E-1
3.014740E-4;0.000000E0;-1.101434E-1
3.015990E-4;0.000000E0;-1.102538E-1
3.017240E-4;0.000000E0;-1.103643E-1
3.018490E-4;0.000000E0;-1.104747E-1
3.019740E-4;0.000000E0;-1.105852E-1
3.020989E-4;0.000000E0;-1.106956E-1
3.022239E-4;0.000000E0;-1.108060E-1
3.023489E-4;0.000000E0;-1.109165E-1
3.024739E-4;0.000000E0;-1.110269E-1
3.025989E-4;0.000000E0;-1.111374E-1
3.027239E-4;0.000000E0;-1.112478E-1
3.028489E-4;0.000000E0;-1.113583E-1
3.029739E-4;0.000000E0;-1.114687E-1
3.030989E-4;0.000000E0;-1.115791E-1
3.032238E-4;0.000000E0;-1.116896E-1
3.033488E-4;0.000000E0;-1.118000E-1
3.034738E-4;0.000000E0;-1.119105E-1
3.035988E-4;0.000000E0;-1.120209E-1
3.037238E-4;0.000000E0;-1.121313E-1
3.038488E-4;0.000000E0;-1.122418E-1
3.039738E-4;0.000000E0;-1.123522E-1
3.040988E-4;0.000000E0;-1.124627E-1
3.042238E-4;0.000000E0;-1.125731E-1
3.043487E-4;0.000000E0;-1.126836E-1
3.044737E-4;0.000000E0;-1.127940E-1
3.045987E-4;0.000000E0;-1.129044E-1
3.047237E-4;0.000000E0;-1.130149E-1
3.048487E-4;0.000000E0;-1.131253E-1
3.049737E-4;0.000000E0;-1.132358E-1
3.050987E-4;0.000000E0;-1.133462E-1
3.052237E-4;0.000000E0;-1.134566E-1
3.053487E-4;0.000000E0;-1.135671E-1
3.054737E-4;0.000000E0;-1.136775E-1
3.055986E-4;0.000000E0;-1.137880E-1
3.057236E-4;0.000000E0;-1.138984E-1
3.058486E-4;0.000000E0;-1.140089E-1
3.059736E-4;0.000000E0;-1.141193E-1
3.060986E-4;0.000000E0;-1.142297E-1
3.062236E-4;0.000000E0;-1.143402E-1
3.063486E-4;0.000000E0;-1.144506E-1
3.064736E-4;0.000000E0;-1.145611E-1
3.065986E-4;0.000000E0;-1.146715E-1
3.067235E-4;0.000000E0;-1.147820E-1
3.068485E-4;0.000000E0;-1.148924E-1
3.069735E-4;0.000000E0;-1.150028E-1
3.070985E-4;0.000000E0;-1.151133E-1
3.072235E-4;0.000000E0;-1.152237E-1
3.073485E-4;0.000000E0;-1.153342E-1
3.074735E-4;0.000000E0;-1.154446E-1
3.075985E-4;0.000000E0;-1.155550E-1
3.077235E-4;0.000000E0;-1.156655E-1
3.078484E-4;0.000000E0;-1.157759E-1
3.079734E-4;0.000000E0;-1.158728E-1
3.080984E-4;0.000000E0;-1.159696E-1
3.082234E-4;0.000000E0;-1.160664E-1
3.083484E-4;0.000000E0;-1.161633E-1
3.084734E-4;0.000000E0;-1.162601E-1
3.085984E-4;0.000000E0;-1.163569E-1
3.087234E-4;0.000000E0;-1.164538E-1
3.088484E-4;0.000000E0;-1.165506E-1
3.089734E-4;0.000000E0;-1.166474E-1
3.090983E-4;0.000000E0;-1.167443E-1
3.092233E-4;0.000000E0;-1.168411E-1
3.093483E-4;0.000000E0;-1.169380E-1
3.094733E-4;0.000000E0;-1.170348E-1
3.095983E-4;0.000000E0;-1.171316E-1
3.097233E-4;0.000000E0;-1.172285E-1
3.098483E-4;0.000000E0;-1.173253E-1
3.099733E-4;0.000000E0;-1.174221E-1
3.100983E-4;0.000000E0;-1.175190E-1
3.102232E-4;0.000000E0;-1.176158E-1
3.103482E-4;0.000000E0;-1.177126E-1
3.104732E-4;0.000000E0;-1.178095E-1
3.105982E-4;0.000000E0;-1.179063E-1
3.107232E-4;0.000000E0;-1.180031E-1
3.108482E-4;0.000000E0;-1.181000E-1
3.109732E-4;0.000000E0;-1.181968E-1
3.110982E-4;0.000000E0;-1.182936E-1
3.112232E-4;0.000000E0;-1.183905E-1
3.113481E-4;0.000000E0;-1.184873E-1
3.114731E-4;0.000000E0;-1.185841E-1
3.115981E-4;0.000000E0;-1.186810E-1
3.117231E-4;0.000000E0;-1.187778E-1
3.118481E-4;0.000000E0;-1.188747E-1
3.119731E-4;0.000000E0;-1.189715E-1
3.120981E-4;0.000000E0;-1.190683E-1
3.122231E-4;0.000000E0;-1.191652E-1
3.123481E-4;0.000000E0;-1.192620E-1
3.124730E-4;0.000000E0;-1.193588E-1
3.125980E-4;0.000000E0;-1.194557E-1
3.127230E-4;0.000000E0;-1.195525E-1
3.128480E-4;0.000000E0;-1.196493E-1
3.129730E-4;0.000000E0;-1.197462E-1
3.130980E-4;0.000000E0;-1.198430E-1
3.132230E-4;0.000000E0;-1.199398E-1
3.133480E-4;0.000000E0;-1.200367E-1
3.134730E-4;0.000000E0;-1.201335E-1
3.135980E-4;0.000000E0;-1.202303E-1
3.137229E-4;0.000000E0;-1.203272E-1
3.138479E-4;0.000000E0;-1.204240E-1
3.139729E-4;0.000000E0;-1.205208E-1
3.140979E-4;0.000000E0;-1.206177E-1
3.142229E-4;0.000000E0;-1.207145E-1
3.143479E-4;0.000000E0;-1.208114E-1
3.144729E-4;0.000000E0;-1.209082E-1
3.145979E-4;0.000000E0;-1.210050E-1
3.147229E-4;0.000000E0;-1.211019E-1
3.148478E-4;0.000000E0;-1.211987E-1
3.149728E-4;0.000000E0;-1.212955E-1
3.150978E-4;0.000000E0;-1.213924E-1
3.152228E-4;0.000000E0;-1.214892E-1
3.153478E-4;0.000000E0;-1.215860E-1
3.154728E-4;0.000000E0;-1.216829E-1
3.155978E-4;0.000000E0;-1.217797E-1
3.157228E-4;0.000000E0;-1.218765E-1
3.158478E-4;0.000000E0;-1.219734E-1
3.159727E-4;0.000000E0;-1.220702E-1
3.160977E-4;0.000000E0;-1.221670E-1
3.162227E-4;0.000000E0;-1.222639E-1
3.163477E-4;0.000000E0;-1.223607E-1
3.164727E-4;0.000000E0;-1.224575E-1
3.165977E-4;0.000000E0;-1.225544E-1
3.167227E-4;0.000000E0;-1.226512E-1
3.168477E-4;0.000000E0;-1.227481E-1
3.169727E-4;0.000000E0;-1.228449E-1
3.170977E-4;0.000000E0;-1.229417E-1
3.172226E-4;0.000000E0;-1.230386E-1
3.173476E-4;0.000000E0;-1.231354E-1
3.174726E-4;0.000000E0;-1.232322E-1
3.175976E-4;0.000000E0;-1.233291E-1
3.177226E-4;0.000000E0;-1.234259E-1
3.178476E-4;0.000000E0;-1.235227E-1
3.179726E-4;0.000000E0;-1.236196E-1
3.180976E-4;0.000000E0;-1.237164E-1
3.182226E-4;0.000000E0;-1.238132E-1
3.183475E-4;0.000000E0;-1.239101E-1
3.184725E-4;0.000000E0;-1.240069E-1
3.185975E-4;0.000000E0;-1.241037E-1
3.187225E-4;0.000000E0;-1.242006E-1
3.188475E-4;0.000000E0;-1.242974E-1
3.189725E-4;0.000000E0;-1.243942E-1
3.190975E-4;0.000000E0;-1.244911E-1
3.192225E-4;0.000000E0;-1.245879E-1
3.193475E-4;0.000000E0;-1.246848E-1
3.194724E-4;0.000000E0;-1.247816E-1
3.195974E-4;0.000000E0;-1.248784E-1
3.197224E-4;0.000000E0;-1.249753E-1
3.198474E-4;0.000000E0;-1.250721E-1
3.199724E-4;0.000000E0;-1.251689E-1
3.200974E-4;0.000000E0;-1.252658E-1
3.202224E-4;-2.685289E-7;-1.253710E-1
3.203474E-4;-5.370578E-7;-1.254762E-1
3.204724E-4;-8.055866E-7;-1.255814E-1
3.205973E-4;-1.074116E-6;-1.256866E-1
3.207223E-4;-1.342644E-6;-1.257918E-1
3.208473E-4;-1.611173E-6;-1.258970E-1
3.209723E-4;-1.879702E-6;-1.260023E-1
3.210973E-4;-2.148231E-6;-1.261075E-1
3.212223E-4;-2.416760E-6;-1.262127E-1
3.213473E-4;-2.685289E-6;-1.263179E-1
3.214723E-4;-2.953818E-6;-1.264231E-1
3.215973E-4;-3.222347E-6;-1.265283E-1
3.217223E-4;-3.490875E-6;-1.266335E-1
3.218472E-4;-3.759404E-6;-1.267388E-1
3.219722E-4;-4.027933E-6;-1.268440E-1
3.220972E-4;-4.296462E-6;-1.269492E-1
3.222222E-4;-4.564991E-6;-1.270544E-1
3.223472E-4;-4.833520E-6;-1.271596E-1
3.224722E-4;-5.102049E-6;-1.272648E-1
3.225972E-4;-5.370578E-6;-1.273700E-1
3.227222E-4;-5.639106E-6;-1.274753E-1
3.228472E-4;-5.907635E-6;-1.275805E-1
3.229721E-4;-6.176164E-6;-1.276857E-1
3.230971E-4;-6.444693E-6;-1.277909E-1
3.232221E-4;-6.713222E-6;-1.278961E-1
3.233471E-4;-6.981751E-6;-1.280013E-1
3.234721E-4;-7.250280E-6;-1.281065E-1
3.235971E-4;-7.518809E-6;-1.282118E-1
3.237221E-4;-7.787337E-6;-1.283170E-1
3.238471E-4;-8.055866E-6;-1.284222E-1
3.239721E-4;-8.324395E-6;-1.285274E-1
3.240970E-4;-8.592924E-6;-1.286326E-1
3.242220E-4;-8.861453E-6;-1.287378E-1
3.243470E-4;-9.129982E-6;-1.288430E-1
3.244720E-4;-9.398511E-6;-1.289483E-1
3.245970E-4;-9.667040E-6;-1.290535E-1
3.247220E-4;-9.935568E-6;-1.291587E-1
3.248470E-4;-1.020410E-5;-1.292639E-1
3.249720E-4;-1.047263E-5;-1.293691E-1
3.250970E-4;-1.074116E-5;-1.294743E-1
3.252219E-4;-1.100968E-5;-1.295795E-1
3.253469E-4;-1.127821E-5;-1.296848E-1
3.254719E-4;-1.154674E-5;-1.297900E-1
3.255969E-4;-1.181527E-5;-1.298952E-1
3.257219E-4;-1.208380E-5;-1.300004E-1
3.258469E-4;-1.235233E-5;-1.301056E-1
3.259719E-4;-1.262086E-5;-1.302108E-1
3.260969E-4;-1.288939E-5;-1.303160E-1
3.262219E-4;-1.315791E-5;-1.304213E-1
3.263469E-4;-1.342644E-5;-1.305265E-1
3.264718E-4;-1.369497E-5;-1.306317E-1
3.265968E-4;-1.396350E-5;-1.307369E-1
3.267218E-4;-1.423203E-5;-1.308421E-1
3.268468E-4;-1.450056E-5;-1.309473E-1
3.269718E-4;-1.476909E-5;-1.310525E-1
3.270968E-4;-1.503762E-5;-1.311578E-1
3.272218E-4;-1.530615E-5;-1.312630E-1
3.273468E-4;-1.557467E-5;-1.313682E-1
3.274718E-4;-1.584320E-5;-1.314734E-1
3.275967E-4;-1.611173E-5;-1.315786E-1
3.277217E-4;-1.638026E-5;-1.316838E-1
3.278467E-4;-1.664879E-5;-1.317890E-1
3.279717E-4;-1.691732E-5;-1.318943E-1
3.280967E-4;-1.718585E-5;-1.319995E-1
3.282217E-4;-1.745438E-5;-1.321047E-1
3.283467E-4;-1.772291E-5;-1.322099E-1
3.284717E-4;-1.799143E-5;-1.323151E-1
3.285967E-4;-1.825996E-5;-1.324203E-1
3.287216E-4;-1.852849E-5;-1.325255E-1
3.288466E-4;-1.879702E-5;-1.326308E-1
3.289716E-4;-1.906555E-5;-1.327360E-1
3.290966E-4;-1.933408E-5;-1.328412E-1
3.292216E-4;-1.960261E-5;-1.329464E-1
3.293466E-4;-1.987114E-5;-1.330516E-1
3.294716E-4;-2.013967E-5;-1.331568E-1
3.295966E-4;-2.040819E-5;-1.332620E-1
3.297216E-4;-2.067672E-5;-1.333673E-1
3.298466E-4;-2.094525E-5;-1.334725E-1
3.299715E-4;-2.121378E-5;-1.335777E-1
3.300965E-4;-2.148231E-5;-1.336829E-1
3.302215E-4;-2.175084E-5;-1.337881E-1
3.303465E-4;-2.201937E-5;-1.338933E-1
3.304715E-4;-2.228790E-5;-1.339985E-1
3.305965E-4;-2.255643E-5;-1.341038E-1
3.307215E-4;-2.282495E-5;-1.342090E-1
3.308465E-4;-2.309348E-5;-1.343142E-1
3.309715E-4;-2.336201E-5;-1.344194E-1
3.310964E-4;-2.363054E-5;-1.345246E-1
3.312214E-4;-2.389907E-5;-1.346298E-1
3.313464E-4;-2.416760E-5;-1.347350E-1
3.314714E-4;-2.443613E-5;-1.348403E-1
3.315964E-4;-2.470466E-5;-1.349455E-1
3.317214E-4;-2.497319E-5;-1.350507E-1
3.318464E-4;-2.524171E-5;-1.351559E-1
3.319714E-4;-2.551024E-5;-1.352611E-1
3.320964E-4;-2.577877E-5;-1.353663E-1
3.322213E-4;-2.604730E-5;-1.354715E-1
3.323463E-4;-2.631583E-5;-1.355768E-1
3.324713E-4;-2.658436E-5;-1.356820E-1
3.325963E-4;-2.685289E-5;-1.357872E-1
3.327213E-4;-2.712142E-5;-1.358924E-1
3.328463E-4;-2.738995E-5;-1.359976E-1
3.329713E-4;-2.765847E-5;-1.361028E-1
3.330963E-4;-2.792700E-5;-1.362080E-1
3.332213E-4;-2.819553E-5;-1.363133E-1
3.333462E-4;-2.846406E-5;-1.364185E-1
3.334712E-4;-2.873259E-5;-1.365237E-1
3.335962E-4;-2.900112E-5;-1.366289E-1
3.337212E-4;-2.926965E-5;-1.367341E-1
3.338462E-4;-2.953818E-5;-1.368393E-1
3.339712E-4;-2.980671E-5;-1.369445E-1
3.340962E-4;-3.007523E-5;-1.370498E-1
3.342212E-4;-3.034376E-5;-1.371550E-1
3.343462E-4;-3.061229E-5;-1.372602E-1
3.344712E-4;-3.088082E-5;-1.373654E-1
3.345961E-4;-3.114935E-5;-1.374706E-1
3.347211E-4;-3.141788E-5;-1.375758E-1
3.348461E-4;-3.105791E-5;-1.376834E-1
3.349711E-4;-3.069794E-5;-1.377909E-1
3.350961E-4;-3.033797E-5;-1.378984E-1
3.352211E-4;-2.997800E-5;-1.380060E-1
3.353461E-4;-2.961804E-5;-1.381135E-1
3.354711E-4;-2.925807E-5;-1.382210E-1
3.355961E-4;-2.889810E-5;-1.383286E-1
3.357210E-4;-2.853813E-5;-1.384361E-1
3.358460E-4;-2.817816E-5;-1.385437E-1
3.359710E-4;-2.781819E-5;-1.386512E-1
3.360960E-4;-2.745822E-5;-1.387587E-1
3.362210E-4;-2.709826E-5;-1.388663E-1
3.363460E-4;-2.673829E-5;-1.389738E-1
3.364710E-4;-2.637832E-5;-1.390813E-1
3.365960E-4;-2.601835E-5;-1.391889E-1
3.367210E-4;-2.565838E-5;-1.392964E-1
3.368459E-4;-2.529841E-5;-1.394040E-1
3.369709E-4;-2.493844E-5;-1.395115E-1
3.370959E-4;-2.457848E-5;-1.396190E-1
3.372209E-4;-2.421851E-5;-1.397266E-1
3.373459E-4;-2.385854E-5;-1.398341E-1
3.374709E-4;-2.349857E-5;-1.399416E-1
3.375959E-4;-2.313860E-5;-1.400492E-1
3.377209E-4;-2.277863E-5;-1.401567E-1
3.378459E-4;-2.241866E-5;-1.402643E-1
3.379709E-4;-2.205870E-5;-1.403718E-1
3.380958E-4;-2.169873E-5;-1.404793E-1
3.382208E-4;-2.133876E-5;-1.405869E-1
3.383458E-4;-2.097879E-5;-1.406944E-1
3.384708E-4;-2.061882E-5;-1.408019E-1
3.385958E-4;-2.025885E-5;-1.409095E-1
3.387208E-4;-1.989888E-5;-1.410170E-1
3.388458E-4;-1.953892E-5;-1.411246E-1
3.389708E-4;-1.917895E-5;-1.412321E-1
3.390958E-4;-1.881898E-5;-1.413396E-1
3.392207E-4;-1.845901E-5;-1.414472E-1
3.393457E-4;-1.809904E-5;-1.415547E-1
3.394707E-4;-1.773907E-5;-1.416622E-1
3.395957E-4;-1.737910E-5;-1.417698E-1
3.397207E-4;-1.701914E-5;-1.418773E-1
3.398457E-4;-1.665917E-5;-1.419849E-1
3.399707E-4;-1.629920E-5;-1.420924E-1
3.400957E-4;-1.593923E-5;-1.421999E-1
3.402207E-4;-1.557926E-5;-1.423075E-1
3.403456E-4;-1.521929E-5;-1.424150E-1
3.404706E-4;-1.485932E-5;-1.425225E-1
3.405956E-4;-1.449936E-5;-1.426301E-1
3.407206E-4;-1.413939E-5;-1.427376E-1
3.408456E-4;-1.377942E-5;-1.428451E-1
3.409706E-4;-1.341945E-5;-1.429527E-1
3.410956E-4;-1.305948E-5;-1.430602E-1
3.412206E-4;-1.269951E-5;-1.431678E-1
3.413456E-4;-1.233954E-5;-1.432753E-1
3.414705E-4;-1.197958E-5;-1.433828E-1
3.415955E-4;-1.161961E-5;-1.434904E-1
3.417205E-4;-1.125964E-5;-1.435979E-1
3.418455E-4;-1.089967E-5;-1.437054E-1
3.419705E-4;-1.053970E-5;-1.438130E-1
3.420955E-4;-1.017973E-5;-1.439205E-1
3.422205E-4;-9.819764E-6;-1.440281E-1
3.423455E-4;-9.459795E-6;-1.441356E-1
3.424705E-4;-9.099827E-6;-1.442431E-1
3.425955E-4;-8.739858E-6;-1.443507E-1
3.427204E-4;-8.379890E-6;-1.444582E-1
3.428454E-4;-8.019921E-6;-1.445657E-1
3.429704E-4;-7.659953E-6;-1.446733E-1
3.430954E-4;-7.299984E-6;-1.447808E-1
3.432204E-4;-6.940015E-6;-1.448884E-1
3.433454E-4;-6.580047E-6;-1.449959E-1
3.434704E-4;-6.220078E-6;-1.451034E-1
3.435954E-4;-5.860110E-6;-1.452110E-1
3.437204E-4;-5.500141E-6;-1.453185E-1
3.438453E-4;-5.140173E-6;-1.454260E-1
3.439703E-4;-4.780204E-6;-1.455336E-1
3.440953E-4;-4.420235E-6;-1.456411E-1
3.442203E-4;-4.060267E-6;-1.457487E-1
3.443453E-4;-3.700298E-6;-1.458562E-1
3.444703E-4;-3.340330E-6;-1.459637E-1
3.445953E-4;-2.980361E-6;-1.460713E-1
3.447203E-4;-2.620393E-6;-1.461788E-1
3.448453E-4;-2.260424E-6;-1.462863E-1
3.449702E-4;-1.900455E-6;-1.463939E-1
3.450952E-4;-1.540487E-6;-1.465014E-1
3.452202E-4;-1.180518E-6;-1.466090E-1
3.453452E-4;-8.205497E-7;-1.467165E-1
3.454702E-4;-4.605812E-7;-1.468240E-1
3.455952E-4;-1.006126E-7;-1.469316E-1
3.457202E-4;2.593560E-7;-1.470391E-1
3.458452E-4;6.193246E-7;-1.471466E-1
3.459702E-4;9.792931E-7;-1.472542E-1
3.460951E-4;1.339262E-6;-1.473617E-1
3.462201E-4;1.699230E-6;-1.474693E-1
3.463451E-4;2.059199E-6;-1.475768E-1
3.464701E-4;2.419167E-6;-1.476843E-1
3.465951E-4;2.779136E-6;-1.477919E-1
3.467201E-4;3.139105E-6;-1.478994E-1
3.468451E-4;3.499073E-6;-1.480069E-1
3.469701E-4;3.859042E-6;-1.481145E-1
3.470951E-4;4.219010E-6;-1.482220E-1
3.472201E-4;4.578979E-6;-1.483296E-1
3.473450E-4;4.938947E-6;-1.484371E-1
3.474700E-4;5.298916E-6;-1.485446E-1
3.475950E-4;5.658885E-6;-1.486522E-1
3.477200E-4;6.018853E-6;-1.487597E-1
3.478450E-4;6.378822E-6;-1.488672E-1
3.479700E-4;6.738790E-6;-1.489748E-1
3.480950E-4;7.098759E-6;-1.490823E-1
3.482200E-4;7.458727E-6;-1.491898E-1
3.483450E-4;7.818696E-6;-1.492974E-1
3.484699E-4;8.178665E-6;-1.494049E-1
3.485949E-4;8.538633E-6;-1.495125E-1
3.487199E-4;8.898602E-6;-1.496200E-1
3.488449E-4;9.258570E-6;-1.497275E-1
3.489699E-4;9.618539E-6;-1.498351E-1
3.490949E-4;9.695442E-6;-1.499614E-1
3.492199E-4;9.772344E-6;-1.500878E-1
3.493449E-4;9.849247E-6;-1.502142E-1
3.494699E-4;9.926150E-6;-1.503406E-1
3.495948E-4;1.000305E-5;-1.504669E-1
3.497198E-4;1.007996E-5;-1.505933E-1
3.498448E-4;1.015686E-5;-1.507197E-1
3.499698E-4;1.023376E-5;-1.508460E-1
3.500948E-4;1.031066E-5;-1.509724E-1
3.502198E-4;1.038757E-5;-1.510988E-1
3.503448E-4;1.046447E-5;-1.512252E-1
3.504698E-4;1.054137E-5;-1.513515E-1
3.505948E-4;1.061827E-5;-1.514779E-1
3.507198E-4;1.069518E-5;-1.516043E-1
3.508447E-4;1.077208E-5;-1.517306E-1
3.509697E-4;1.084898E-5;-1.518570E-1
3.510947E-4;1.092588E-5;-1.519834E-1
3.512197E-4;1.100279E-5;-1.521097E-1
3.513447E-4;1.107969E-5;-1.522361E-1
3.514697E-4;1.115659E-5;-1.523625E-1
3.515947E-4;1.123350E-5;-1.524889E-1
3.517197E-4;1.131040E-5;-1.526152E-1
3.518447E-4;1.138730E-5;-1.527416E-1
3.519696E-4;1.146420E-5;-1.528680E-1
3.520946E-4;1.154111E-5;-1.529943E-1
3.522196E-4;1.161801E-5;-1.531207E-1
3.523446E-4;1.169491E-5;-1.532471E-1
3.524696E-4;1.177181E-5;-1.533735E-1
3.525946E-4;1.184872E-5;-1.534998E-1
3.527196E-4;1.192562E-5;-1.536262E-1
3.528446E-4;1.200252E-5;-1.537526E-1
3.529696E-4;1.207942E-5;-1.538789E-1
3.530945E-4;1.215633E-5;-1.540053E-1
3.532195E-4;1.223323E-5;-1.541317E-1
3.533445E-4;1.231013E-5;-1.542580E-1
3.534695E-4;1.238704E-5;-1.543844E-1
3.535945E-4;1.246394E-5;-1.545108E-1
3.537195E-4;1.254084E-5;-1.546372E-1
3.538445E-4;1.261774E-5;-1.547635E-1
3.539695E-4;1.269465E-5;-1.548899E-1
3.540945E-4;1.277155E-5;-1.550163E-1
3.542194E-4;1.284845E-5;-1.551426E-1
3.543444E-4;1.292535E-5;-1.552690E-1
3.544694E-4;1.300226E-5;-1.553954E-1
3.545944E-4;1.307916E-5;-1.555218E-1
3.547194E-4;1.315606E-5;-1.556481E-1
3.548444E-4;1.323297E-5;-1.557745E-1
3.549694E-4;1.330987E-5;-1.559009E-1
3.550944E-4;1.338677E-5;-1.560272E-1
3.552194E-4;1.346367E-5;-1.561536E-1
3.553444E-4;1.354058E-5;-1.562800E-1
3.554693E-4;1.361748E-5;-1.564064E-1
3.555943E-4;1.369438E-5;-1.565327E-1
3.557193E-4;1.377128E-5;-1.566591E-1
3.558443E-4;1.384819E-5;-1.567855E-1
3.559693E-4;1.392509E-5;-1.569118E-1
3.560943E-4;1.400199E-5;-1.570382E-1
3.562193E-4;1.407889E-5;-1.571646E-1
3.563443E-4;1.415580E-5;-1.572909E-1
3.564693E-4;1.423270E-5;-1.574173E-1
3.565942E-4;1.430960E-5;-1.575437E-1
3.567192E-4;1.438651E-5;-1.576701E-1
3.568442E-4;1.446341E-5;-1.577964E-1
3.569692E-4;1.454031E-5;-1.579228E-1
3.570942E-4;1.461721E-5;-1.580492E-1
3.572192E-4;1.469412E-5;-1.581755E-1
3.573442E-4;1.477102E-5;-1.583019E-1
3.574692E-4;1.484792E-5;-1.584283E-1
3.575942E-4;1.492482E-5;-1.585547E-1
3.577191E-4;1.500173E-5;-1.586810E-1
3.578441E-4;1.507863E-5;-1.588074E-1
3.579691E-4;1.515553E-5;-1.589338E-1
3.580941E-4;1.523243E-5;-1.590601E-1
3.582191E-4;1.530934E-5;-1.591865E-1
3.583441E-4;1.538624E-5;-1.593129E-1
3.584691E-4;1.546314E-5;-1.594392E-1
3.585941E-4;1.554005E-5;-1.595656E-1
3.587191E-4;1.561695E-5;-1.596920E-1
3.588440E-4;1.569385E-5;-1.598184E-1
3.589690E-4;1.577075E-5;-1.599447E-1
3.590940E-4;1.584766E-5;-1.600711E-1
3.592190E-4;1.592456E-5;-1.601975E-1
3.593440E-4;1.600146E-5;-1.603238E-1
3.594690E-4;1.607836E-5;-1.604502E-1
3.595940E-4;1.615527E-5;-1.605766E-1
3.597190E-4;1.623217E-5;-1.607030E-1
3.598440E-4;1.630907E-5;-1.608293E-1
3.599690E-4;1.638598E-5;-1.609557E-1
3.600939E-4;1.646288E-5;-1.610821E-1
3.602189E-4;1.653978E-5;-1.612084E-1
3.603439E-4;1.661668E-5;-1.613348E-1
3.604689E-4;1.669359E-5;-1.614612E-1
3.605939E-4;1.677049E-5;-1.615876E-1
3.607189E-4;1.684739E-5;-1.617139E-1
3.608439E-4;1.692429E-5;-1.618403E-1
3.609689E-4;1.700120E-5;-1.619667E-1
3.610939E-4;1.707810E-5;-1.620930E-1
3.612188E-4;1.715500E-5;-1.622194E-1
3.613438E-4;1.723190E-5;-1.623458E-1
3.614688E-4;1.730881E-5;-1.624721E-1
3.615938E-4;1.738571E-5;-1.625985E-1
3.617188E-4;1.746261E-5;-1.627249E-1
3.618438E-4;1.753952E-5;-1.628513E-1
3.619688E-4;1.761642E-5;-1.629776E-1
3.620938E-4;1.769332E-5;-1.631040E-1
3.622188E-4;1.777022E-5;-1.632304E-1
3.623437E-4;1.784713E-5;-1.633567E-1
3.624687E-4;1.792403E-5;-1.634831E-1
3.625937E-4;1.800093E-5;-1.636095E-1
3.627187E-4;1.807783E-5;-1.637359E-1
3.628437E-4;1.815474E-5;-1.638622E-1
3.629687E-4;1.823164E-5;-1.639886E-1
3.630937E-4;1.830854E-5;-1.641150E-1
3.632187E-4;1.838544E-5;-1.642413E-1
3.633437E-4;1.846235E-5;-1.643677E-1
3.634687E-4;1.853925E-5;-1.644941E-1
3.635936E-4;1.861615E-5;-1.646204E-1
3.637186E-4;1.869306E-5;-1.647468E-1
3.638436E-4;1.876996E-5;-1.648732E-1
3.639686E-4;1.884686E-5;-1.649996E-1
3.640936E-4;1.892376E-5;-1.651259E-1
3.642186E-4;1.900067E-5;-1.652523E-1
3.643436E-4;1.907757E-5;-1.653787E-1
3.644686E-4;1.915447E-5;-1.655050E-1
3.645936E-4;1.923137E-5;-1.656314E-1
3.647185E-4;1.930828E-5;-1.657578E-1
3.648435E-4;1.938518E-5;-1.658842E-1
3.649685E-4;1.946208E-5;-1.660105E-1
3.650935E-4;1.953899E-5;-1.661369E-1
3.652185E-4;1.961589E-5;-1.662633E-1
3.653435E-4;1.969279E-5;-1.663896E-1
3.654685E-4;1.976969E-5;-1.665160E-1
3.655935E-4;1.984660E-5;-1.666424E-1
3.657185E-4;1.992350E-5;-1.667688E-1
3.658434E-4;2.000040E-5;-1.668951E-1
3.659684E-4;2.007730E-5;-1.670215E-1
3.660934E-4;2.015421E-5;-1.671479E-1
3.662184E-4;2.023111E-5;-1.672742E-1
3.663434E-4;2.030801E-5;-1.674006E-1
3.664684E-4;2.038491E-5;-1.675270E-1
3.665934E-4;2.046182E-5;-1.676533E-1
3.667184E-4;2.053872E-5;-1.677797E-1
3.668434E-4;2.061562E-5;-1.679061E-1
3.669683E-4;2.069253E-5;-1.680325E-1
3.670933E-4;2.076943E-5;-1.681588E-1
3.672183E-4;2.084633E-5;-1.682852E-1
3.673433E-4;2.092323E-5;-1.684116E-1
3.674683E-4;2.100014E-5;-1.685379E-1
3.675933E-4;2.107704E-5;-1.686643E-1
3.677183E-4;2.115394E-5;-1.687907E-1
3.678433E-4;2.123084E-5;-1.689171E-1
3.679683E-4;2.130775E-5;-1.690434E-1
3.680933E-4;2.138465E-5;-1.691698E-1
3.682182E-4;2.146155E-5;-1.692962E-1
3.683432E-4;2.153845E-5;-1.694225E-1
3.684682E-4;2.161536E-5;-1.695489E-1
3.685932E-4;2.169226E-5;-1.696753E-1
3.687182E-4;2.176916E-5;-1.698016E-1
3.688432E-4;2.184607E-5;-1.699280E-1
3.689682E-4;2.192297E-5;-1.700544E-1
3.690932E-4;2.199987E-5;-1.701808E-1
3.692182E-4;2.207677E-5;-1.703071E-1
3.693431E-4;2.215368E-5;-1.704335E-1
3.694681E-4;2.223058E-5;-1.705599E-1
3.695931E-4;2.230748E-5;-1.706862E-1
3.697181E-4;2.238438E-5;-1.708126E-1
3.698431E-4;2.246129E-5;-1.709390E-1
3.699681E-4;2.253819E-5;-1.710654E-1
3.700931E-4;2.261509E-5;-1.711917E-1
3.702181E-4;2.269200E-5;-1.713181E-1
3.703431E-4;2.276890E-5;-1.714445E-1
3.704680E-4;2.284580E-5;-1.715708E-1
3.705930E-4;2.292270E-5;-1.716972E-1
3.707180E-4;2.299961E-5;-1.718236E-1
3.708430E-4;2.307651E-5;-1.719500E-1
3.709680E-4;2.315341E-5;-1.720763E-1
3.710930E-4;2.323031E-5;-1.722027E-1
3.712180E-4;2.293036E-5;-1.723336E-1
3.713430E-4;2.263042E-5;-1.724646E-1
3.714680E-4;2.233047E-5;-1.725955E-1
3.715930E-4;2.203052E-5;-1.727264E-1
3.717179E-4;2.173057E-5;-1.728574E-1
3.718429E-4;2.143062E-5;-1.729883E-1
3.719679E-4;2.113067E-5;-1.731193E-1
3.720929E-4;2.083072E-5;-1.732502E-1
3.722179E-4;2.053077E-5;-1.733811E-1
3.723429E-4;2.023082E-5;-1.735121E-1
3.724679E-4;1.993087E-5;-1.736430E-1
3.725929E-4;1.963092E-5;-1.737740E-1
3.727179E-4;1.933097E-5;-1.739049E-1
3.728428E-4;1.903102E-5;-1.740358E-1
3.729678E-4;1.873107E-5;-1.741668E-1
3.730928E-4;1.843112E-5;-1.742977E-1
3.732178E-4;1.813117E-5;-1.744287E-1
3.733428E-4;1.783122E-5;-1.745596E-1
3.734678E-4;1.753127E-5;-1.746905E-1
3.735928E-4;1.723132E-5;-1.748215E-1
3.737178E-4;1.693138E-5;-1.749524E-1
3.738428E-4;1.663143E-5;-1.750833E-1
3.739677E-4;1.633148E-5;-1.752143E-1
3.740927E-4;1.603153E-5;-1.753452E-1
3.742177E-4;1.573158E-5;-1.754762E-1
3.743427E-4;1.543163E-5;-1.756071E-1
3.744677E-4;1.513168E-5;-1.757380E-1
3.745927E-4;1.483173E-5;-1.758690E-1
3.747177E-4;1.453178E-5;-1.759999E-1
3.748427E-4;1.423183E-5;-1.761309E-1
3.749677E-4;1.393188E-5;-1.762618E-1
3.750926E-4;1.363193E-5;-1.763927E-1
3.752176E-4;1.333198E-5;-1.765237E-1
3.753426E-4;1.303203E-5;-1.766546E-1
3.754676E-4;1.273208E-5;-1.767856E-1
3.755926E-4;1.243213E-5;-1.769165E-1
3.757176E-4;1.213218E-5;-1.770474E-1
3.758426E-4;1.183223E-5;-1.771784E-1
3.759676E-4;1.153228E-5;-1.773093E-1
3.760926E-4;1.123234E-5;-1.774402E-1
3.762176E-4;1.093239E-5;-1.775712E-1
3.763425E-4;1.063244E-5;-1.777021E-1
3.764675E-4;1.033249E-5;-1.778331E-1
3.765925E-4;1.003254E-5;-1.779640E-1
3.767175E-4;9.732588E-6;-1.780949E-1
3.768425E-4;9.432638E-6;-1.782259E-1
3.769675E-4;9.132689E-6;-1.783568E-1
3.770925E-4;8.832739E-6;-1.784878E-1
3.772175E-4;8.532790E-6;-1.786187E-1
3.773425E-4;8.232840E-6;-1.787496E-1
3.774674E-4;7.932891E-6;-1.788806E-1
3.775924E-4;7.632942E-6;-1.790115E-1
3.777174E-4;7.332992E-6;-1.791424E-1
3.778424E-4;7.033043E-6;-1.792734E-1
3.779674E-4;6.733093E-6;-1.794043E-1
3.780924E-4;6.433144E-6;-1.795353E-1
3.782174E-4;6.133194E-6;-1.796662E-1
3.783424E-4;5.833245E-6;-1.797971E-1
3.784674E-4;5.533295E-6;-1.799281E-1
3.785923E-4;5.233346E-6;-1.800590E-1
3.787173E-4;4.933396E-6;-1.801900E-1
3.788423E-4;4.633447E-6;-1.803209E-1
3.789673E-4;4.333497E-6;-1.804518E-1
3.790923E-4;4.033548E-6;-1.805828E-1
3.792173E-4;3.733598E-6;-1.807137E-1
3.793423E-4;3.433649E-6;-1.808447E-1
3.794673E-4;3.133699E-6;-1.809756E-1
3.795923E-4;2.833750E-6;-1.811065E-1
3.797172E-4;2.533801E-6;-1.812375E-1
3.798422E-4;2.233851E-6;-1.813684E-1
3.799672E-4;1.933902E-6;-1.814993E-1
3.800922E-4;1.633952E-6;-1.816303E-1
3.802172E-4;1.334003E-6;-1.817612E-1
3.803422E-4;1.034053E-6;-1.818922E-1
3.804672E-4;7.341037E-7;-1.820231E-1
3.805922E-4;4.341542E-7;-1.821540E-1
3.807172E-4;1.342048E-7;-1.822850E-1
3.808422E-4;-1.657447E-7;-1.824159E-1
3.809671E-4;-4.656942E-7;-1.825469E-1
3.810921E-4;-7.656436E-7;-1.826778E-1
3.812171E-4;-1.065593E-6;-1.828087E-1
3.813421E-4;-1.365543E-6;-1.829397E-1
3.814671E-4;-1.665492E-6;-1.830706E-1
3.815921E-4;-1.965442E-6;-1.832016E-1
3.817171E-4;-2.265391E-6;-1.833325E-1
3.818421E-4;-2.565340E-6;-1.834634E-1
3.819671E-4;-2.865290E-6;-1.835944E-1
3.820920E-4;-3.165239E-6;-1.837253E-1
3.822170E-4;-3.465189E-6;-1.838562E-1
3.823420E-4;-3.765138E-6;-1.839872E-1
3.824670E-4;-4.065088E-6;-1.841181E-1
3.825920E-4;-4.365037E-6;-1.842491E-1
3.827170E-4;-4.664987E-6;-1.843800E-1
3.828420E-4;-4.964936E-6;-1.845109E-1
3.829670E-4;-5.264886E-6;-1.846419E-1
3.830920E-4;-5.564835E-6;-1.847728E-1
3.832169E-4;-5.864785E-6;-1.849038E-1
3.833419E-4;-6.164734E-6;-1.850347E-1
3.834669E-4;-6.464684E-6;-1.851656E-1
3.835919E-4;-6.764633E-6;-1.852966E-1
3.837169E-4;-7.064583E-6;-1.854275E-1
3.838419E-4;-7.364532E-6;-1.855585E-1
3.839669E-4;-7.664481E-6;-1.856894E-1
3.840919E-4;-7.964431E-6;-1.858203E-1
3.842169E-4;-8.264380E-6;-1.859513E-1
3.843419E-4;-8.564330E-6;-1.860822E-1
3.844668E-4;-8.864279E-6;-1.862131E-1
3.845918E-4;-9.164229E-6;-1.863441E-1
3.847168E-4;-9.464178E-6;-1.864750E-1
3.848418E-4;-9.764128E-6;-1.866060E-1
3.849668E-4;-1.006408E-5;-1.867369E-1
3.850918E-4;-1.036403E-5;-1.868678E-1
3.852168E-4;-1.066398E-5;-1.869988E-1
3.853418E-4;-1.096393E-5;-1.871297E-1
3.854668E-4;-1.126388E-5;-1.872607E-1
3.855917E-4;-1.156382E-5;-1.873916E-1
3.857167E-4;-1.186377E-5;-1.875225E-1
3.858417E-4;-1.216372E-5;-1.876535E-1
3.859667E-4;-1.246367E-5;-1.877844E-1
3.860917E-4;-1.276362E-5;-1.879154E-1
3.862167E-4;-1.306357E-5;-1.880463E-1
3.863417E-4;-1.336352E-5;-1.881772E-1
3.864667E-4;-1.366347E-5;-1.883082E-1
3.865917E-4;-1.396342E-5;-1.884391E-1
3.867166E-4;-1.426337E-5;-1.885700E-1
3.868416E-4;-1.456332E-5;-1.887010E-1
3.869666E-4;-1.486327E-5;-1.888319E-1
3.870916E-4;-1.516322E-5;-1.889629E-1
3.872166E-4;-1.546317E-5;-1.890938E-1
3.873416E-4;-1.576312E-5;-1.892247E-1
3.874666E-4;-1.606307E-5;-1.893557E-1
3.875916E-4;-1.636302E-5;-1.894866E-1
3.877166E-4;-1.666297E-5;-1.896176E-1
3.878415E-4;-1.696292E-5;-1.897485E-1
3.879665E-4;-1.726286E-5;-1.898794E-1
3.880915E-4;-1.756281E-5;-1.900104E-1
3.882165E-4;-1.786276E-5;-1.901413E-1
3.883415E-4;-1.816271E-5;-1.902722E-1
3.884665E-4;-1.846266E-5;-1.904032E-1
3.885915E-4;-1.876261E-5;-1.905341E-1
3.887165E-4;-1.906256E-5;-1.906651E-1
3.888415E-4;-1.936251E-5;-1.907960E-1
3.889665E-4;-1.966246E-5;-1.909269E-1
3.890914E-4;-1.996241E-5;-1.910579E-1
3.892164E-4;-2.026236E-5;-1.911888E-1
3.893414E-4;-2.056231E-5;-1.913198E-1
3.894664E-4;-2.086226E-5;-1.914507E-1
3.895914E-4;-2.116221E-5;-1.915816E-1
3.897164E-4;-2.146216E-5;-1.917126E-1
3.898414E-4;-2.176211E-5;-1.918435E-1
3.899664E-4;-2.206206E-5;-1.919745E-1
3.900914E-4;-2.236201E-5;-1.921054E-1
3.902163E-4;-2.266195E-5;-1.922363E-1
3.903413E-4;-2.296190E-5;-1.923673E-1
3.904663E-4;-2.326185E-5;-1.924982E-1
3.905913E-4;-2.356180E-5;-1.926291E-1
3.907163E-4;-2.386175E-5;-1.927601E-1
3.908413E-4;-2.416170E-5;-1.928910E-1
3.909663E-4;-2.446165E-5;-1.930220E-1
3.910913E-4;-2.476160E-5;-1.931529E-1
3.912163E-4;-2.506155E-5;-1.932838E-1
3.913412E-4;-2.536150E-5;-1.934148E-1
3.914662E-4;-2.566145E-5;-1.935457E-1
3.915912E-4;-2.596140E-5;-1.936767E-1
3.917162E-4;-2.626135E-5;-1.938076E-1
3.918412E-4;-2.656130E-5;-1.939385E-1
3.919662E-4;-2.686125E-5;-1.940695E-1
3.920912E-4;-2.716120E-5;-1.942004E-1
3.922162E-4;-2.746115E-5;-1.943314E-1
3.923412E-4;-2.776110E-5;-1.944623E-1
3.924661E-4;-2.806105E-5;-1.945932E-1
3.925911E-4;-2.836099E-5;-1.947242E-1
3.927161E-4;-2.866094E-5;-1.948551E-1
3.928411E-4;-2.896089E-5;-1.949860E-1
3.929661E-4;-2.926084E-5;-1.951170E-1
3.930911E-4;-2.956079E-5;-1.952479E-1
3.932161E-4;-2.986074E-5;-1.953789E-1
3.933411E-4;-3.016069E-5;-1.955098E-1
3.934661E-4;-3.046064E-5;-1.956407E-1
3.935911E-4;-3.076059E-5;-1.957717E-1
3.937160E-4;-3.106054E-5;-1.959026E-1
3.938410E-4;-3.136049E-5;-1.960336E-1
3.939660E-4;-3.166044E-5;-1.961645E-1
3.940910E-4;-3.196039E-5;-1.962954E-1
3.942160E-4;-3.226034E-5;-1.964264E-1
3.943410E-4;-3.256029E-5;-1.965573E-1
3.944660E-4;-3.286024E-5;-1.966883E-1
3.945910E-4;-3.316019E-5;-1.968192E-1
3.947160E-4;-3.346014E-5;-1.969501E-1
3.948409E-4;-3.376009E-5;-1.970811E-1
3.949659E-4;-3.406003E-5;-1.972120E-1
3.950909E-4;-3.406003E-5;-1.973408E-1
3.952159E-4;-3.406003E-5;-1.974696E-1
3.953409E-4;-3.406003E-5;-1.975984E-1
3.954659E-4;-3.406003E-5;-1.977271E-1
3.955909E-4;-3.406003E-5;-1.978559E-1
3.957159E-4;-3.406003E-5;-1.979847E-1
3.958409E-4;-3.406003E-5;-1.981135E-1
3.959658E-4;-3.406003E-5;-1.982423E-1
3.960908E-4;-3.406003E-5;-1.983711E-1
3.962158E-4;-3.406003E-5;-1.984998E-1
3.963408E-4;-3.406003E-5;-1.986286E-1
3.964658E-4;-3.406003E-5;-1.987574E-1
3.965908E-4;-3.406003E-5;-1.988862E-1
3.967158E-4;-3.406003E-5;-1.990150E-1
3.968408E-4;-3.406003E-5;-1.991438E-1
3.969658E-4;-3.406003E-5;-1.992726E-1
3.970908E-4;-3.406003E-5;-1.994013E-1
3.972157E-4;-3.406003E-5;-1.995301E-1
3.973407E-4;-3.406003E-5;-1.996589E-1
3.974657E-4;-3.406003E-5;-1.997877E-1
3.975907E-4;-3.406003E-5;-1.999165E-1
3.977157E-4;-3.406003E-5;-2.000453E-1
3.978407E-4;-3.406003E-5;-2.001740E-1
3.979657E-4;-3.406003E-5;-2.003028E-1
3.980907E-4;-3.406003E-5;-2.004316E-1
3.982157E-4;-3.406003E-5;-2.005604E-1
3.983406E-4;-3.406003E-5;-2.006892E-1
3.984656E-4;-3.406003E-5;-2.008180E-1
3.985906E-4;-3.406003E-5;-2.009467E-1
3.987156E-4;-3.406003E-5;-2.010755E-1
3.988406E-4;-3.406003E-5;-2.012043E-1
3.989656E-4;-3.406003E-5;-2.013331E-1
3.990906E-4;-3.406003E-5;-2.014619E-1
3.992156E-4;-3.406003E-5;-2.015907E-1
3.993406E-4;-3.406003E-5;-2.017194E-1
3.994655E-4;-3.406003E-5;-2.018482E-1
3.995905E-4;-3.406003E-5;-2.019770E-1
3.997155E-4;-3.406003E-5;-2.021058E-1
3.998405E-4;-3.406003E-5;-2.022346E-1
3.999655E-4;-3.406003E-5;-2.023634E-1
4.000905E-4;-3.406003E-5;-2.024922E-1
4.002155E-4;-3.406003E-5;-2.026209E-1
4.003405E-4;-3.406003E-5;-2.027497E-1
4.004655E-4;-3.406003E-5;-2.028785E-1
4.005904E-4;-3.406003E-5;-2.030073E-1
4.007154E-4;-3.406003E-5;-2.031361E-1
4.008404E-4;-3.406003E-5;-2.032649E-1
4.009654E-4;-3.406003E-5;-2.033936E-1
4.010904E-4;-3.406003E-5;-2.035224E-1
4.012154E-4;-3.406003E-5;-2.036512E-1
4.013404E-4;-3.406003E-5;-2.037800E-1
4.014654E-4;-3.406003E-5;-2.039088E-1
4.015904E-4;-3.406003E-5;-2.040376E-1
4.017154E-4;-3.406003E-5;-2.041663E-1
4.018403E-4;-3.406003E-5;-2.042951E-1
4.019653E-4;-3.406003E-5;-2.044239E-1
4.020903E-4;-3.406003E-5;-2.045527E-1
4.022153E-4;-3.406003E-5;-2.046815E-1
4.023403E-4;-3.406003E-5;-2.048103E-1
4.024653E-4;-3.406003E-5;-2.049390E-1
4.025903E-4;-3.406003E-5;-2.050678E-1
4.027153E-4;-3.406003E-5;-2.051966E-1
4.028403E-4;-3.406003E-5;-2.053254E-1
4.029652E-4;-3.406003E-5;-2.054542E-1
4.030902E-4;-3.406003E-5;-2.055830E-1
4.032152E-4;-3.406003E-5;-2.057118E-1
4.033402E-4;-3.406003E-5;-2.058405E-1
4.034652E-4;-3.406003E-5;-2.059693E-1
4.035902E-4;-3.406003E-5;-2.060981E-1
4.037152E-4;-3.406003E-5;-2.062269E-1
4.038402E-4;-3.406003E-5;-2.063557E-1
4.039652E-4;-3.406003E-5;-2.064845E-1
4.040901E-4;-3.406003E-5;-2.066132E-1
4.042151E-4;-3.406003E-5;-2.067420E-1
4.043401E-4;-3.406003E-5;-2.068708E-1
4.044651E-4;-3.406003E-5;-2.069996E-1
4.045901E-4;-3.406003E-5;-2.071284E-1
4.047151E-4;-3.406003E-5;-2.072572E-1
4.048401E-4;-3.406003E-5;-2.073859E-1
4.049651E-4;-3.406003E-5;-2.075147E-1
4.050901E-4;-3.406003E-5;-2.076435E-1
4.052151E-4;-3.406003E-5;-2.077723E-1
4.053400E-4;-3.406003E-5;-2.079011E-1
4.054650E-4;-3.406003E-5;-2.080299E-1
4.055900E-4;-3.406003E-5;-2.081586E-1
4.057150E-4;-3.406003E-5;-2.082874E-1
4.058400E-4;-3.406003E-5;-2.084162E-1
4.059650E-4;-3.406003E-5;-2.085450E-1
4.060900E-4;-3.406003E-5;-2.086738E-1
4.062150E-4;-3.406003E-5;-2.088026E-1
4.063400E-4;-3.406003E-5;-2.089314E-1
4.064649E-4;-3.406003E-5;-2.090601E-1
4.065899E-4;-3.406003E-5;-2.091889E-1
4.067149E-4;-3.406003E-5;-2.093177E-1
4.068399E-4;-3.406003E-5;-2.094616E-1
4.069649E-4;-3.406003E-5;-2.096055E-1
4.070899E-4;-3.406003E-5;-2.097495E-1
4.072149E-4;-3.406003E-5;-2.098934E-1
4.073399E-4;-3.406003E-5;-2.100373E-1
4.074649E-4;-3.406003E-5;-2.101812E-1
4.075898E-4;-3.406003E-5;-2.103251E-1
4.077148E-4;-3.406003E-5;-2.104690E-1
4.078398E-4;-3.406003E-5;-2.106130E-1
4.079648E-4;-3.406003E-5;-2.107569E-1
4.080898E-4;-3.406003E-5;-2.109008E-1
4.082148E-4;-3.406003E-5;-2.110447E-1
4.083398E-4;-3.406003E-5;-2.111886E-1
4.084648E-4;-3.406003E-5;-2.113326E-1
4.085898E-4;-3.406003E-5;-2.114765E-1
4.087147E-4;-3.406003E-5;-2.116204E-1
4.088397E-4;-3.406003E-5;-2.117643E-1
4.089647E-4;-3.406003E-5;-2.119082E-1
4.090897E-4;-3.406003E-5;-2.120521E-1
4.092147E-4;-3.406003E-5;-2.121961E-1
4.093397E-4;-3.406003E-5;-2.123400E-1
4.094647E-4;-3.406003E-5;-2.124839E-1
4.095897E-4;-3.406003E-5;-2.126278E-1
4.097147E-4;-3.406003E-5;-2.127717E-1
4.098397E-4;-3.406003E-5;-2.129157E-1
4.099646E-4;-3.406003E-5;-2.130596E-1
4.100896E-4;-3.406003E-5;-2.132035E-1
4.102146E-4;-3.406003E-5;-2.133474E-1
4.103396E-4;-3.406003E-5;-2.134913E-1
4.104646E-4;-3.406003E-5;-2.136352E-1
4.105896E-4;-3.406003E-5;-2.137792E-1
4.107146E-4;-3.406003E-5;-2.139231E-1
4.108396E-4;-3.406003E-5;-2.140670E-1
4.109646E-4;-3.406003E-5;-2.142109E-1
4.110895E-4;-3.406003E-5;-2.143548E-1
4.112145E-4;-3.406003E-5;-2.144987E-1
4.113395E-4;-3.406003E-5;-2.146427E-1
4.114645E-4;-3.406003E-5;-2.147866E-1
4.115895E-4;-3.406003E-5;-2.149305E-1
4.117145E-4;-3.406003E-5;-2.150744E-1
4.118395E-4;-3.406003E-5;-2.152183E-1
4.119645E-4;-3.406003E-5;-2.153623E-1
4.120895E-4;-3.406003E-5;-2.155062E-1
4.122144E-4;-3.406003E-5;-2.156501E-1
4.123394E-4;-3.406003E-5;-2.157940E-1
4.124644E-4;-3.406003E-5;-2.159379E-1
4.125894E-4;-3.406003E-5;-2.160818E-1
4.127144E-4;-3.406003E-5;-2.162258E-1
4.128394E-4;-3.406003E-5;-2.163697E-1
4.129644E-4;-3.406003E-5;-2.165136E-1
4.130894E-4;-3.406003E-5;-2.166575E-1
4.132144E-4;-3.406003E-5;-2.168014E-1
4.133393E-4;-3.406003E-5;-2.169453E-1
4.134643E-4;-3.406003E-5;-2.170893E-1
4.135893E-4;-3.406003E-5;-2.172332E-1
4.137143E-4;-3.406003E-5;-2.173771E-1
4.138393E-4;-3.406003E-5;-2.175210E-1
4.139643E-4;-3.406003E-5;-2.176649E-1
4.140893E-4;-3.406003E-5;-2.178089E-1
4.142143E-4;-3.406003E-5;-2.179528E-1
4.143393E-4;-3.406003E-5;-2.180967E-1
4.144643E-4;-3.406003E-5;-2.182406E-1
4.145892E-4;-3.406003E-5;-2.183845E-1
4.147142E-4;-3.406003E-5;-2.185284E-1
4.148392E-4;-3.406003E-5;-2.186724E-1
4.149642E-4;-3.406003E-5;-2.188163E-1
4.150892E-4;-3.406003E-5;-2.189602E-1
4.152142E-4;-3.406003E-5;-2.191041E-1
4.153392E-4;-3.406003E-5;-2.192480E-1
4.154642E-4;-3.406003E-5;-2.193920E-1
4.155892E-4;-3.406003E-5;-2.195359E-1
4.157141E-4;-3.406003E-5;-2.196798E-1
4.158391E-4;-3.406003E-5;-2.198237E-1
4.159641E-4;-3.406003E-5;-2.199676E-1
4.160891E-4;-3.406003E-5;-2.201115E-1
4.162141E-4;-3.406003E-5;-2.202555E-1
4.163391E-4;-3.406003E-5;-2.203994E-1
4.164641E-4;-3.406003E-5;-2.205433E-1
4.165891E-4;-3.406003E-5;-2.206872E-1
4.167141E-4;-3.406003E-5;-2.208311E-1
4.168390E-4;-3.406003E-5;-2.209750E-1
4.169640E-4;-3.406003E-5;-2.211612E-1
4.170890E-4;-3.406003E-5;-2.213473E-1
4.172140E-4;-3.406003E-5;-2.215334E-1
4.173390E-4;-3.406003E-5;-2.217195E-1
4.174640E-4;-3.406003E-5;-2.219056E-1
4.175890E-4;-3.406003E-5;-2.220917E-1
4.177140E-4;-3.406003E-5;-2.222778E-1
4.178390E-4;-3.406003E-5;-2.224639E-1
4.179640E-4;-3.406003E-5;-2.226500E-1
4.180889E-4;-3.406003E-5;-2.228362E-1
4.182139E-4;-3.406003E-5;-2.230223E-1
4.183389E-4;-3.406003E-5;-2.232084E-1
4.184639E-4;-3.406003E-5;-2.233945E-1
4.185889E-4;-3.406003E-5;-2.235806E-1
4.187139E-4;-3.406003E-5;-2.237667E-1
4.188389E-4;-3.406003E-5;-2.239528E-1
4.189639E-4;-3.406003E-5;-2.241389E-1
4.190889E-4;-3.406003E-5;-2.243251E-1
4.192138E-4;-3.406003E-5;-2.245112E-1
4.193388E-4;-3.406003E-5;-2.246973E-1
4.194638E-4;-3.406003E-5;-2.248834E-1
4.195888E-4;-3.406003E-5;-2.250695E-1
4.197138E-4;-3.406003E-5;-2.252556E-1
4.198388E-4;-3.406003E-5;-2.254417E-1
4.199638E-4;-3.406003E-5;-2.256278E-1
4.200888E-4;-3.406003E-5;-2.258139E-1
4.202138E-4;-3.406003E-5;-2.260001E-1
4.203387E-4;-3.406003E-5;-2.261862E-1
4.204637E-4;-3.406003E-5;-2.263723E-1
4.205887E-4;-3.406003E-5;-2.265584E-1
4.207137E-4;-3.406003E-5;-2.267445E-1
4.208387E-4;-3.406003E-5;-2.269306E-1
4.209637E-4;-3.406003E-5;-2.271167E-1
4.210887E-4;-3.406003E-5;-2.273028E-1
4.212137E-4;-3.406003E-5;-2.274889E-1
4.213387E-4;-3.406003E-5;-2.276751E-1
4.214636E-4;-3.406003E-5;-2.278612E-1
4.215886E-4;-3.406003E-5;-2.280473E-1
4.217136E-4;-3.406003E-5;-2.282334E-1
4.218386E-4;-3.406003E-5;-2.284195E-1
4.219636E-4;-3.406003E-5;-2.286056E-1
4.220886E-4;-3.406003E-5;-2.287917E-1
4.222136E-4;-3.406003E-5;-2.289778E-1
4.223386E-4;-3.406003E-5;-2.291639E-1
4.224636E-4;-3.406003E-5;-2.293501E-1
4.225886E-4;-3.406003E-5;-2.295362E-1
4.227135E-4;-3.406003E-5;-2.297223E-1
4.228385E-4;-3.406003E-5;-2.299084E-1
4.229635E-4;-3.406003E-5;-2.300945E-1
4.230885E-4;-3.406003E-5;-2.302806E-1
4.232135E-4;-3.406003E-5;-2.304667E-1
4.233385E-4;-3.406003E-5;-2.306528E-1
4.234635E-4;-3.406003E-5;-2.308389E-1
4.235885E-4;-3.308677E-5;-2.309759E-1
4.237135E-4;-3.211351E-5;-2.311129E-1
4.238384E-4;-3.114024E-5;-2.312498E-1
4.239634E-4;-3.016698E-5;-2.313868E-1
4.240884E-4;-2.919372E-5;-2.315237E-1
4.242134E-4;-2.822045E-5;-2.316607E-1
4.243384E-4;-2.724719E-5;-2.317976E-1
4.244634E-4;-2.627393E-5;-2.319346E-1
4.245884E-4;-2.530066E-5;-2.320716E-1
4.247134E-4;-2.432740E-5;-2.322085E-1
4.248384E-4;-2.335413E-5;-2.323455E-1
4.249633E-4;-2.238087E-5;-2.324824E-1
4.250883E-4;-2.140761E-5;-2.326194E-1
4.252133E-4;-2.043434E-5;-2.327563E-1
4.253383E-4;-1.946108E-5;-2.328933E-1
4.254633E-4;-1.848782E-5;-2.330302E-1
4.255883E-4;-1.751455E-5;-2.331672E-1
4.257133E-4;-1.654129E-5;-2.333042E-1
4.258383E-4;-1.556803E-5;-2.334411E-1
4.259633E-4;-1.459476E-5;-2.335781E-1
4.260882E-4;-1.362150E-5;-2.337150E-1
4.262132E-4;-1.264823E-5;-2.338520E-1
4.263382E-4;-1.167497E-5;-2.339889E-1
4.264632E-4;-1.070171E-5;-2.341259E-1
4.265882E-4;-9.728444E-6;-2.342629E-1
4.267132E-4;-8.755180E-6;-2.343998E-1
4.268382E-4;-7.781917E-6;-2.345368E-1
4.269632E-4;-6.808653E-6;-2.346737E-1
4.270882E-4;-5.835390E-6;-2.348107E-1
4.272132E-4;-4.862126E-6;-2.349476E-1
4.273381E-4;-3.888862E-6;-2.350846E-1
4.274631E-4;-2.915599E-6;-2.352215E-1
4.275881E-4;-1.942335E-6;-2.353585E-1
4.277131E-4;-9.690714E-7;-2.354955E-1
4.278381E-4;4.192277E-9;-2.356324E-1
4.279631E-4;9.774559E-7;-2.357694E-1
4.280881E-4;1.950720E-6;-2.359063E-1
4.282131E-4;2.923983E-6;-2.360433E-1
4.283381E-4;3.897247E-6;-2.361802E-1
4.284630E-4;4.870510E-6;-2.363172E-1
4.285880E-4;5.843774E-6;-2.364541E-1
4.287130E-4;6.817038E-6;-2.365911E-1
4.288380E-4;7.790301E-6;-2.367281E-1
4.289630E-4;8.763565E-6;-2.368650E-1
4.290880E-4;9.736829E-6;-2.370020E-1
4.292130E-4;1.071009E-5;-2.371389E-1
4.293380E-4;1.168336E-5;-2.372759E-1
4.294630E-4;1.265662E-5;-2.374128E-1
4.295879E-4;1.362988E-5;-2.375498E-1
4.297129E-4;1.460315E-5;-2.376868E-1
4.298379E-4;1.557641E-5;-2.378237E-1
4.299629E-4;1.654967E-5;-2.379607E-1
4.300879E-4;1.752294E-5;-2.380976E-1
4.302129E-4;1.849620E-5;-2.382346E-1
4.303379E-4;1.946946E-5;-2.383715E-1
4.304629E-4;2.044273E-5;-2.385085E-1
4.305879E-4;2.141599E-5;-2.386454E-1
4.307129E-4;2.238926E-5;-2.387824E-1
4.308378E-4;2.336252E-5;-2.389194E-1
4.309628E-4;2.433578E-5;-2.390563E-1
4.310878E-4;2.530905E-5;-2.391933E-1
4.312128E-4;2.628231E-5;-2.393302E-1
4.313378E-4;2.725557E-5;-2.394672E-1
4.314628E-4;2.822884E-5;-2.396041E-1
4.315878E-4;2.920210E-5;-2.397411E-1
4.317128E-4;3.017536E-5;-2.398780E-1
4.318378E-4;3.114863E-5;-2.400150E-1
4.319627E-4;3.212189E-5;-2.401520E-1
4.320877E-4;3.103694E-5;-2.403129E-1
4.322127E-4;2.995199E-5;-2.404738E-1
4.323377E-4;2.886704E-5;-2.406348E-1
4.324627E-4;2.778209E-5;-2.407957E-1
4.325877E-4;2.669714E-5;-2.409566E-1
4.327127E-4;2.561219E-5;-2.411176E-1
4.328377E-4;2.452724E-5;-2.412785E-1
4.329627E-4;2.344230E-5;-2.414394E-1
4.330876E-4;2.235735E-5;-2.416004E-1
4.332126E-4;2.127240E-5;-2.417613E-1
4.333376E-4;2.018745E-5;-2.419222E-1
4.334626E-4;1.910250E-5;-2.420832E-1
4.335876E-4;1.801755E-5;-2.422441E-1
4.337126E-4;1.693260E-5;-2.424050E-1
4.338376E-4;1.584765E-5;-2.425660E-1
4.339626E-4;1.476270E-5;-2.427269E-1
4.340876E-4;1.367775E-5;-2.428878E-1
4.342125E-4;1.259280E-5;-2.430488E-1
4.343375E-4;1.150785E-5;-2.432097E-1
4.344625E-4;1.042290E-5;-2.433706E-1
4.345875E-4;9.337950E-6;-2.435316E-1
4.347125E-4;8.253000E-6;-2.436925E-1
4.348375E-4;7.168051E-6;-2.438534E-1
4.349625E-4;6.083101E-6;-2.440144E-1
4.350875E-4;4.998152E-6;-2.441753E-1
4.352125E-4;3.913202E-6;-2.443362E-1
4.353375E-4;2.828252E-6;-2.444972E-1
4.354624E-4;1.743303E-6;-2.446581E-1
4.355874E-4;6.583531E-7;-2.448191E-1
4.357124E-4;-4.265965E-7;-2.449800E-1
4.358374E-4;-1.511546E-6;-2.451409E-1
4.359624E-4;-2.596496E-6;-2.453019E-1
4.360874E-4;-3.681445E-6;-2.454628E-1
4.362124E-4;-4.766395E-6;-2.456237E-1
4.363374E-4;-5.851345E-6;-2.457847E-1
4.364624E-4;-6.936294E-6;-2.459456E-1
4.365873E-4;-8.021244E-6;-2.461065E-1
4.367123E-4;-9.106194E-6;-2.462675E-1
4.368373E-4;-1.019114E-5;-2.464284E-1
4.369623E-4;-1.127609E-5;-2.465893E-1
4.370873E-4;-1.236104E-5;-2.467503E-1
4.372123E-4;-1.344599E-5;-2.469112E-1
4.373373E-4;-1.453094E-5;-2.470721E-1
4.374623E-4;-1.561589E-5;-2.472331E-1
4.375873E-4;-1.670084E-5;-2.473940E-1
4.377122E-4;-1.778579E-5;-2.475549E-1
4.378372E-4;-1.887074E-5;-2.477159E-1
4.379622E-4;-1.995569E-5;-2.478768E-1
4.380872E-4;-2.104064E-5;-2.480377E-1
4.382122E-4;-2.212559E-5;-2.481987E-1
4.383372E-4;-2.321054E-5;-2.483596E-1
4.384622E-4;-2.429549E-5;-2.485205E-1
4.385872E-4;-2.538044E-5;-2.486815E-1
4.387122E-4;-2.646539E-5;-2.488424E-1
4.388372E-4;-2.755034E-5;-2.490033E-1
4.389621E-4;-2.863529E-5;-2.491643E-1
4.390871E-4;-2.972024E-5;-2.493252E-1
4.392121E-4;-3.080519E-5;-2.494861E-1
4.393371E-4;-3.189014E-5;-2.496471E-1
4.394621E-4;-3.297509E-5;-2.498080E-1
4.395871E-4;-3.406003E-5;-2.499689E-1
4.397121E-4;-3.406003E-5;-2.501155E-1
4.398371E-4;-3.406003E-5;-2.502620E-1
4.399621E-4;-3.406003E-5;-2.504085E-1
4.400870E-4;-3.406003E-5;-2.505550E-1
4.402120E-4;-3.406003E-5;-2.507016E-1
4.403370E-4;-3.406003E-5;-2.508481E-1
4.404620E-4;-3.406003E-5;-2.509946E-1
4.405870E-4;-3.406003E-5;-2.511411E-1
4.407120E-4;-3.406003E-5;-2.512876E-1
4.408370E-4;-3.406003E-5;-2.514342E-1
4.409620E-4;-3.406003E-5;-2.515807E-1
4.410870E-4;-3.406003E-5;-2.517272E-1
4.412119E-4;-3.406003E-5;-2.518737E-1
4.413369E-4;-3.406003E-5;-2.520203E-1
4.414619E-4;-3.406003E-5;-2.521668E-1
4.415869E-4;-3.406003E-5;-2.523133E-1
4.417119E-4;-3.406003E-5;-2.524598E-1
4.418369E-4;-3.406003E-5;-2.526064E-1
4.419619E-4;-3.406003E-5;-2.527529E-1
4.420869E-4;-3.406003E-5;-2.528994E-1
4.422119E-4;-3.406003E-5;-2.530459E-1
4.423368E-4;-3.406003E-5;-2.531924E-1
4.424618E-4;-3.406003E-5;-2.533390E-1
4.425868E-4;-3.406003E-5;-2.534855E-1
4.427118E-4;-3.406003E-5;-2.536320E-1
4.428368E-4;-3.406003E-5;-2.537785E-1
4.429618E-4;-3.406003E-5;-2.539251E-1
4.430868E-4;-3.406003E-5;-2.540716E-1
4.432118E-4;-3.406003E-5;-2.542181E-1
4.433368E-4;-3.406003E-5;-2.543646E-1
4.434618E-4;-3.406003E-5;-2.545111E-1
4.435867E-4;-3.406003E-5;-2.546577E-1
4.437117E-4;-3.406003E-5;-2.548042E-1
4.438367E-4;-3.406003E-5;-2.549507E-1
4.439617E-4;-3.406003E-5;-2.550972E-1
4.440867E-4;-3.406003E-5;-2.552438E-1
4.442117E-4;-3.406003E-5;-2.553903E-1
4.443367E-4;-3.406003E-5;-2.555368E-1
4.444617E-4;-3.406003E-5;-2.556833E-1
4.445867E-4;-3.406003E-5;-2.558298E-1
4.447116E-4;-3.406003E-5;-2.559764E-1
4.448366E-4;-3.406003E-5;-2.561229E-1
4.449616E-4;-3.406003E-5;-2.562694E-1
4.450866E-4;-3.406003E-5;-2.564159E-1
4.452116E-4;-3.406003E-5;-2.565625E-1
4.453366E-4;-3.406003E-5;-2.567090E-1
4.454616E-4;-3.406003E-5;-2.568555E-1
4.455866E-4;-3.406003E-5;-2.570020E-1
4.457116E-4;-3.406003E-5;-2.571486E-1
4.458365E-4;-3.406003E-5;-2.572951E-1
4.459615E-4;-3.406003E-5;-2.574416E-1
4.460865E-4;-3.308677E-5;-2.575708E-1
4.462115E-4;-3.211351E-5;-2.577001E-1
4.463365E-4;-3.114024E-5;-2.578293E-1
4.464615E-4;-3.016698E-5;-2.579586E-1
4.465865E-4;-2.919372E-5;-2.580878E-1
4.467115E-4;-2.822045E-5;-2.582171E-1
4.468365E-4;-2.724719E-5;-2.583463E-1
4.469614E-4;-2.627393E-5;-2.584756E-1
4.470864E-4;-2.530066E-5;-2.586048E-1
4.472114E-4;-2.432740E-5;-2.587341E-1
4.473364E-4;-2.335413E-5;-2.588633E-1
4.474614E-4;-2.238087E-5;-2.589926E-1
4.475864E-4;-2.140761E-5;-2.591218E-1
4.477114E-4;-2.043434E-5;-2.592511E-1
4.478364E-4;-1.946108E-5;-2.593803E-1
4.479614E-4;-1.848782E-5;-2.595096E-1
4.480864E-4;-1.751455E-5;-2.596388E-1
4.482113E-4;-1.654129E-5;-2.597681E-1
4.483363E-4;-1.556803E-5;-2.598973E-1
4.484613E-4;-1.459476E-5;-2.600266E-1
4.485863E-4;-1.362150E-5;-2.601558E-1
4.487113E-4;-1.264823E-5;-2.602850E-1
4.488363E-4;-1.167497E-5;-2.604143E-1
4.489613E-4;-1.070171E-5;-2.605435E-1
4.490863E-4;-9.728444E-6;-2.606728E-1
4.492113E-4;-8.755180E-6;-2.608020E-1
4.493362E-4;-7.781917E-6;-2.609313E-1
4.494612E-4;-6.808653E-6;-2.610605E-1
4.495862E-4;-5.835390E-6;-2.611898E-1
4.497112E-4;-4.862126E-6;-2.613190E-1
4.498362E-4;-3.888862E-6;-2.614483E-1
4.499612E-4;-2.915599E-6;-2.615775E-1
4.500862E-4;-1.942335E-6;-2.617068E-1
4.502112E-4;-9.690714E-7;-2.618360E-1
4.503362E-4;4.192277E-9;-2.619653E-1
4.504611E-4;9.774559E-7;-2.620945E-1
4.505861E-4;1.950720E-6;-2.622238E-1
4.507111E-4;2.923983E-6;-2.623530E-1
4.508361E-4;3.897247E-6;-2.624823E-1
4.509611E-4;4.870510E-6;-2.626115E-1
4.510861E-4;5.843774E-6;-2.627407E-1
4.512111E-4;6.817038E-6;-2.628700E-1
4.513361E-4;7.790301E-6;-2.629992E-1
4.514611E-4;8.763565E-6;-2.631285E-1
4.515861E-4;9.736829E-6;-2.632577E-1
4.517110E-4;1.071009E-5;-2.633870E-1
4.518360E-4;1.168336E-5;-2.635162E-1
4.519610E-4;1.265662E-5;-2.636455E-1
4.520860E-4;1.362988E-5;-2.637747E-1
4.522110E-4;1.460315E-5;-2.639040E-1
4.523360E-4;1.557641E-5;-2.640332E-1
4.524610E-4;1.654967E-5;-2.641625E-1
4.525860E-4;1.752294E-5;-2.642917E-1
4.527110E-4;1.849620E-5;-2.644210E-1
4.528359E-4;1.946946E-5;-2.645502E-1
4.529609E-4;2.044273E-5;-2.646795E-1
4.530859E-4;2.141599E-5;-2.648087E-1
4.532109E-4;2.238926E-5;-2.649380E-1
4.533359E-4;2.336252E-5;-2.650672E-1
4.534609E-4;2.433578E-5;-2.651965E-1
4.535859E-4;2.530905E-5;-2.653257E-1
4.537109E-4;2.628231E-5;-2.654549E-1
4.538359E-4;2.725557E-5;-2.655842E-1
4.539608E-4;2.822884E-5;-2.657134E-1
4.540858E-4;2.920210E-5;-2.658427E-1
4.542108E-4;3.017536E-5;-2.659719E-1
4.543358E-4;3.114863E-5;-2.661012E-1
4.544608E-4;3.212189E-5;-2.662304E-1
4.545858E-4;3.160380E-5;-2.663752E-1
4.547108E-4;3.108570E-5;-2.665199E-1
4.548358E-4;3.056761E-5;-2.666647E-1
4.549608E-4;3.004951E-5;-2.668094E-1
4.550857E-4;2.953142E-5;-2.669542E-1
4.552107E-4;2.901332E-5;-2.670989E-1
4.553357E-4;2.849523E-5;-2.672437E-1
4.554607E-4;2.797713E-5;-2.673885E-1
4.555857E-4;2.745904E-5;-2.675332E-1
4.557107E-4;2.694094E-5;-2.676780E-1
4.558357E-4;2.642285E-5;-2.678227E-1
4.559607E-4;2.590475E-5;-2.679675E-1
4.560857E-4;2.538666E-5;-2.681122E-1
4.562107E-4;2.486856E-5;-2.682570E-1
4.563356E-4;2.435047E-5;-2.684017E-1
4.564606E-4;2.383237E-5;-2.685465E-1
4.565856E-4;2.331428E-5;-2.686912E-1
4.567106E-4;2.279618E-5;-2.688360E-1
4.568356E-4;2.227809E-5;-2.689807E-1
4.569606E-4;2.175999E-5;-2.691255E-1
4.570856E-4;2.124190E-5;-2.692702E-1
4.572106E-4;2.072380E-5;-2.694150E-1
4.573356E-4;2.020571E-5;-2.695597E-1
4.574605E-4;1.968761E-5;-2.697045E-1
4.575855E-4;1.916952E-5;-2.698492E-1
4.577105E-4;1.865142E-5;-2.699940E-1
4.578355E-4;1.813333E-5;-2.701387E-1
4.579605E-4;1.761523E-5;-2.702835E-1
4.580855E-4;1.709714E-5;-2.704283E-1
4.582105E-4;1.657904E-5;-2.705730E-1
4.583355E-4;1.606095E-5;-2.707178E-1
4.584605E-4;1.554285E-5;-2.708625E-1
4.585854E-4;1.502476E-5;-2.710073E-1
4.587104E-4;1.450666E-5;-2.711520E-1
4.588354E-4;1.398857E-5;-2.712968E-1
4.589604E-4;1.347047E-5;-2.714415E-1
4.590854E-4;1.295238E-5;-2.715863E-1
4.592104E-4;1.243428E-5;-2.717310E-1
4.593354E-4;1.191619E-5;-2.718758E-1
4.594604E-4;1.139809E-5;-2.720205E-1
4.595854E-4;1.088000E-5;-2.721653E-1
4.597103E-4;1.036190E-5;-2.723100E-1
4.598353E-4;9.843806E-6;-2.724548E-1
4.599603E-4;9.325711E-6;-2.725995E-1
4.600853E-4;8.807616E-6;-2.727443E-1
4.602103E-4;8.289521E-6;-2.728890E-1
4.603353E-4;7.771426E-6;-2.730338E-1
4.604603E-4;7.253330E-6;-2.731785E-1
4.605853E-4;6.735235E-6;-2.733233E-1
4.607103E-4;6.217140E-6;-2.734681E-1
4.608353E-4;5.699045E-6;-2.736128E-1
4.609602E-4;5.180950E-6;-2.737576E-1
4.610852E-4;4.662855E-6;-2.739023E-1
4.612102E-4;4.144760E-6;-2.740471E-1
4.613352E-4;3.626665E-6;-2.741918E-1
4.614602E-4;3.108570E-6;-2.743366E-1
4.615852E-4;2.590475E-6;-2.744813E-1
4.617102E-4;2.072380E-6;-2.746261E-1
4.618352E-4;1.554285E-6;-2.747708E-1
4.619602E-4;1.036190E-6;-2.749156E-1
4.620851E-4;5.180950E-7;-2.750603E-1
4.622101E-4;0.000000E0;-2.752051E-1
4.623351E-4;7.470207E-7;-2.753948E-1
4.624601E-4;1.494041E-6;-2.755846E-1
4.625851E-4;2.241062E-6;-2.757744E-1
4.627101E-4;2.988083E-6;-2.759641E-1
4.628351E-4;3.735104E-6;-2.761539E-1
4.629601E-4;4.482124E-6;-2.763437E-1
4.630851E-4;5.229145E-6;-2.765334E-1
4.632100E-4;5.976166E-6;-2.767232E-1
4.633350E-4;6.723187E-6;-2.769130E-1
4.634600E-4;7.470207E-6;-2.771027E-1
4.635850E-4;8.217228E-6;-2.772925E-1
4.637100E-4;8.964249E-6;-2.774823E-1
4.638350E-4;9.711270E-6;-2.776720E-1
4.639600E-4;1.045829E-5;-2.778618E-1
4.640850E-4;1.120531E-5;-2.780516E-1
4.642100E-4;1.195233E-5;-2.782413E-1
4.643350E-4;1.269935E-5;-2.784311E-1
4.644599E-4;1.344637E-5;-2.786209E-1
4.645849E-4;1.419339E-5;-2.788106E-1
4.647099E-4;1.494041E-5;-2.790004E-1
4.648349E-4;1.568744E-5;-2.791902E-1
4.649599E-4;1.643446E-5;-2.793799E-1
4.650849E-4;1.718148E-5;-2.795697E-1
4.652099E-4;1.792850E-5;-2.797595E-1
4.653349E-4;1.867552E-5;-2.799492E-1
4.654599E-4;1.942254E-5;-2.801390E-1
4.655848E-4;2.016956E-5;-2.803288E-1
4.657098E-4;2.091658E-5;-2.805185E-1
4.658348E-4;2.166360E-5;-2.807083E-1
4.659598E-4;2.241062E-5;-2.808981E-1
4.660848E-4;2.315764E-5;-2.810878E-1
4.662098E-4;2.390466E-5;-2.812776E-1
4.663348E-4;2.465168E-5;-2.814674E-1
4.664598E-4;2.539871E-5;-2.816571E-1
4.665848E-4;2.614573E-5;-2.818469E-1
4.667097E-4;2.689275E-5;-2.820367E-1
4.668347E-4;2.763977E-5;-2.822264E-1
4.669597E-4;2.838679E-5;-2.824162E-1
4.670847E-4;2.913381E-5;-2.826060E-1
4.672097E-4;2.988083E-5;-2.827957E-1
4.673347E-4;3.062785E-5;-2.829855E-1
4.674597E-4;3.137487E-5;-2.831753E-1
4.675847E-4;3.212189E-5;-2.833650E-1
4.677097E-4;3.153872E-5;-2.835145E-1
4.678346E-4;3.095555E-5;-2.836640E-1
4.679596E-4;3.037239E-5;-2.838135E-1
4.680846E-4;2.978922E-5;-2.839630E-1
4.682096E-4;2.920605E-5;-2.841125E-1
4.683346E-4;2.862288E-5;-2.842620E-1
4.684596E-4;2.803971E-5;-2.844115E-1
4.685846E-4;2.745654E-5;-2.845610E-1
4.687096E-4;2.687337E-5;-2.847105E-1
4.688346E-4;2.629020E-5;-2.848600E-1
4.689596E-4;2.570703E-5;-2.850095E-1
4.690845E-4;2.512386E-5;-2.851590E-1
4.692095E-4;2.454070E-5;-2.853085E-1
4.693345E-4;2.395753E-5;-2.854580E-1
4.694595E-4;2.337436E-5;-2.856075E-1
4.695845E-4;2.279119E-5;-2.857570E-1
4.697095E-4;2.220802E-5;-2.859065E-1
4.698345E-4;2.162485E-5;-2.860560E-1
4.699595E-4;2.104168E-5;-2.862055E-1
4.700845E-4;2.045851E-5;-2.863550E-1
4.702094E-4;1.987534E-5;-2.865045E-1
4.703344E-4;1.929218E-5;-2.866541E-1
4.704594E-4;1.870901E-5;-2.868036E-1
4.705844E-4;1.812584E-5;-2.869531E-1
4.707094E-4;1.754267E-5;-2.871026E-1
4.708344E-4;1.695950E-5;-2.872521E-1
4.709594E-4;1.637633E-5;-2.874016E-1
4.710844E-4;1.579316E-5;-2.875511E-1
4.712094E-4;1.520999E-5;-2.877006E-1
4.713343E-4;1.462682E-5;-2.878501E-1
4.714593E-4;1.404366E-5;-2.879996E-1
4.715843E-4;1.346049E-5;-2.881491E-1
4.717093E-4;1.287732E-5;-2.882986E-1
4.718343E-4;1.229415E-5;-2.884481E-1
4.719593E-4;1.171098E-5;-2.885976E-1
4.720843E-4;1.112781E-5;-2.887471E-1
4.722093E-4;1.054464E-5;-2.888966E-1
4.723343E-4;9.961473E-6;-2.890461E-1
4.724593E-4;9.378304E-6;-2.891956E-1
4.725842E-4;8.795135E-6;-2.893451E-1
4.727092E-4;8.211966E-6;-2.894946E-1
4.728342E-4;7.628797E-6;-2.896441E-1
4.729592E-4;7.045628E-6;-2.897936E-1
4.730842E-4;6.462459E-6;-2.899431E-1
4.732092E-4;5.879290E-6;-2.900926E-1
4.733342E-4;5.296121E-6;-2.902421E-1
4.734592E-4;4.712952E-6;-2.903916E-1
4.735842E-4;4.129783E-6;-2.905411E-1
4.737091E-4;3.546614E-6;-2.906906E-1
4.738341E-4;2.963445E-6;-2.908401E-1
4.739591E-4;2.380276E-6;-2.909896E-1
4.740841E-4;1.797108E-6;-2.911391E-1
4.742091E-4;1.213939E-6;-2.912886E-1
4.743341E-4;6.307697E-7;-2.914381E-1
4.744591E-4;4.760075E-8;-2.915876E-1
4.745841E-4;-5.355682E-7;-2.917371E-1
4.747091E-4;-1.118737E-6;-2.918866E-1
4.748340E-4;-1.701906E-6;-2.920361E-1
4.749590E-4;-2.285075E-6;-2.921856E-1
4.750840E-4;-2.868244E-6;-2.923351E-1
4.752090E-4;-3.451413E-6;-2.924846E-1
4.753340E-4;-4.034582E-6;-2.926341E-1
4.754590E-4;-4.617751E-6;-2.927836E-1
4.755840E-4;-5.200920E-6;-2.929331E-1
4.757090E-4;-5.784089E-6;-2.930826E-1
4.758340E-4;-6.367258E-6;-2.932321E-1
4.759589E-4;-5.612568E-6;-2.933894E-1
4.760839E-4;-4.857879E-6;-2.935466E-1
4.762089E-4;-4.103190E-6;-2.937039E-1
4.763339E-4;-3.348501E-6;-2.938612E-1
4.764589E-4;-2.593811E-6;-2.940184E-1
4.765839E-4;-1.839122E-6;-2.941757E-1
4.767089E-4;-1.084433E-6;-2.943330E-1
4.768339E-4;-3.297439E-7;-2.944902E-1
4.769589E-4;4.249454E-7;-2.946475E-1
4.770839E-4;1.179635E-6;-2.948048E-1
4.772088E-4;1.934324E-6;-2.949620E-1
4.773338E-4;2.689013E-6;-2.951193E-1
4.774588E-4;3.443702E-6;-2.952766E-1
4.775838E-4;4.198391E-6;-2.954339E-1
4.777088E-4;4.953081E-6;-2.955911E-1
4.778338E-4;5.707770E-6;-2.957484E-1
4.779588E-4;6.462459E-6;-2.959057E-1
4.780838E-4;7.217148E-6;-2.960629E-1
4.782088E-4;7.971837E-6;-2.962202E-1
4.783337E-4;8.726527E-6;-2.963775E-1
4.784587E-4;9.481216E-6;-2.965347E-1
4.785837E-4;1.023591E-5;-2.966920E-1
4.787087E-4;1.099059E-5;-2.968493E-1
4.788337E-4;1.174528E-5;-2.970065E-1
4.789587E-4;1.249997E-5;-2.971638E-1
4.790837E-4;1.325466E-5;-2.973211E-1
4.792087E-4;1.400935E-5;-2.974783E-1
4.793337E-4;1.476404E-5;-2.976356E-1
4.794586E-4;1.551873E-5;-2.977929E-1
4.795836E-4;1.627342E-5;-2.979502E-1
4.797086E-4;1.702811E-5;-2.981074E-1
4.798336E-4;1.778280E-5;-2.982647E-1
4.799586E-4;1.853749E-5;-2.984220E-1
4.800836E-4;1.929218E-5;-2.985792E-1
4.802086E-4;2.004686E-5;-2.987365E-1
4.803336E-4;2.080155E-5;-2.988938E-1
4.804586E-4;2.155624E-5;-2.990510E-1
4.805835E-4;2.231093E-5;-2.992083E-1
4.807085E-4;2.306562E-5;-2.993656E-1
4.808335E-4;2.382031E-5;-2.995228E-1
4.809585E-4;2.457500E-5;-2.996801E-1
4.810835E-4;2.532969E-5;-2.998374E-1
4.812085E-4;2.608438E-5;-2.999946E-1
4.813335E-4;2.683907E-5;-3.001519E-1
4.814585E-4;2.759376E-5;-3.003092E-1
4.815835E-4;2.834845E-5;-3.004664E-1
4.817085E-4;2.910314E-5;-3.006237E-1
4.818334E-4;2.985782E-5;-3.007810E-1
4.819584E-4;3.061251E-5;-3.009383E-1
4.820834E-4;3.136720E-5;-3.010955E-1
4.822084E-4;3.212189E-5;-3.012528E-1
